fname,vars,xors,hard nonxor clauses,soft clauses,SAT,orig time,new time
Net12_24_13_count_106.cnf-x0_wcnf_xor_blasted,191,0,214,106,SAT,0.00,0.00
Net12_24_13_count_106.cnf-x10_wcnf_xor_blasted,191,10,214,106,SAT,1.12,0.72
Net12_24_13_count_106.cnf-x11_wcnf_xor_blasted,191,11,214,106,SAT,114.05,62.78
Net12_24_13_count_106.cnf-x12_wcnf_xor_blasted,191,12,214,106,SAT,596.24,21.08
Net12_24_13_count_106.cnf-x13_wcnf_xor_blasted,191,13,214,106,SAT,300.11,21.23
Net12_24_13_count_106.cnf-x14_wcnf_xor_blasted,191,14,214,106,SAT,591.33,10.84
Net12_24_13_count_106.cnf-x15_wcnf_xor_blasted,191,15,214,106,SAT,75.28,182.55
Net12_24_13_count_106.cnf-x16_wcnf_xor_blasted,191,16,214,106,SAT,77.17,48.47
Net12_24_13_count_106.cnf-x17_wcnf_xor_blasted,191,17,214,106,SAT,Z,253.26
Net12_24_13_count_106.cnf-x18_wcnf_xor_blasted,191,18,214,106,SAT,Z,263.19
Net12_24_13_count_106.cnf-x19_wcnf_xor_blasted,191,19,214,106,SAT,Z,306.28
Net12_24_13_count_106.cnf-x1_wcnf_xor_blasted,191,1,214,106,SAT,0.01,0.01
Net12_24_13_count_106.cnf-x20_wcnf_xor_blasted,191,20,214,106,SAT,Z,294.37
Net12_24_13_count_106.cnf-x21_wcnf_xor_blasted,191,21,214,106,SAT,Z,266.66
Net12_24_13_count_106.cnf-x22_wcnf_xor_blasted,191,22,214,106,SAT,Z,2201.49
Net12_24_13_count_106.cnf-x23_wcnf_xor_blasted,191,23,214,106,SAT,Z,2798.79
Net12_24_13_count_106.cnf-x24_wcnf_xor_blasted,191,24,214,106,SAT,Z,2280.99
Net12_24_13_count_106.cnf-x25_wcnf_xor_blasted,191,25,214,106,SAT,Z,4473.15
Net12_24_13_count_106.cnf-x26_wcnf_xor_blasted,191,26,214,106,?,Z,X
Net12_24_13_count_106.cnf-x27_wcnf_xor_blasted,191,27,214,106,?,Z,X
Net12_24_13_count_106.cnf-x28_wcnf_xor_blasted,191,28,214,106,?,Z,X
Net12_24_13_count_106.cnf-x29_wcnf_xor_blasted,191,29,214,106,?,Z,X
Net12_24_13_count_106.cnf-x2_wcnf_xor_blasted,191,2,214,106,SAT,0.01,0.01
Net12_24_13_count_106.cnf-x30_wcnf_xor_blasted,191,30,214,106,?,Z,X
Net12_24_13_count_106.cnf-x31_wcnf_xor_blasted,191,31,214,106,?,Z,X
Net12_24_13_count_106.cnf-x32_wcnf_xor_blasted,191,32,214,106,?,Z,X
Net12_24_13_count_106.cnf-x33_wcnf_xor_blasted,191,33,214,106,?,Z,X
Net12_24_13_count_106.cnf-x34_wcnf_xor_blasted,191,34,214,106,?,Z,X
Net12_24_13_count_106.cnf-x35_wcnf_xor_blasted,191,35,214,106,?,Z,X
Net12_24_13_count_106.cnf-x36_wcnf_xor_blasted,191,36,214,106,?,Z,X
Net12_24_13_count_106.cnf-x37_wcnf_xor_blasted,191,37,214,106,?,Z,X
Net12_24_13_count_106.cnf-x38_wcnf_xor_blasted,191,38,214,106,?,Z,X
Net12_24_13_count_106.cnf-x39_wcnf_xor_blasted,191,39,214,106,?,Z,X
Net12_24_13_count_106.cnf-x3_wcnf_xor_blasted,191,3,214,106,SAT,0.01,0.01
Net12_24_13_count_106.cnf-x40_wcnf_xor_blasted,191,40,214,106,?,Z,X
Net12_24_13_count_106.cnf-x41_wcnf_xor_blasted,191,41,214,106,?,Z,X
Net12_24_13_count_106.cnf-x42_wcnf_xor_blasted,191,42,214,106,?,Z,X
Net12_24_13_count_106.cnf-x43_wcnf_xor_blasted,191,43,214,106,?,Z,X
Net12_24_13_count_106.cnf-x44_wcnf_xor_blasted,191,44,214,106,?,Z,X
Net12_24_13_count_106.cnf-x45_wcnf_xor_blasted,191,45,214,106,?,Z,X
Net12_24_13_count_106.cnf-x46_wcnf_xor_blasted,191,46,214,106,?,Z,X
Net12_24_13_count_106.cnf-x47_wcnf_xor_blasted,191,47,214,106,?,Z,X
Net12_24_13_count_106.cnf-x48_wcnf_xor_blasted,191,48,214,106,?,Z,X
Net12_24_13_count_106.cnf-x49_wcnf_xor_blasted,191,49,214,106,?,Z,X
Net12_24_13_count_106.cnf-x4_wcnf_xor_blasted,191,4,214,106,SAT,0.01,0.01
Net12_24_13_count_106.cnf-x50_wcnf_xor_blasted,191,50,214,106,?,Z,X
Net12_24_13_count_106.cnf-x51_wcnf_xor_blasted,191,51,214,106,?,Z,X
Net12_24_13_count_106.cnf-x52_wcnf_xor_blasted,191,52,214,106,?,Z,X
Net12_24_13_count_106.cnf-x53_wcnf_xor_blasted,191,53,214,106,?,Z,X
Net12_24_13_count_106.cnf-x54_wcnf_xor_blasted,191,54,214,106,?,Z,X
Net12_24_13_count_106.cnf-x55_wcnf_xor_blasted,191,55,214,106,?,Z,X
Net12_24_13_count_106.cnf-x56_wcnf_xor_blasted,191,56,214,106,?,Z,X
Net12_24_13_count_106.cnf-x57_wcnf_xor_blasted,191,57,214,106,?,Z,X
Net12_24_13_count_106.cnf-x58_wcnf_xor_blasted,191,58,214,106,?,Z,X
Net12_24_13_count_106.cnf-x59_wcnf_xor_blasted,191,59,214,106,?,Z,X
Net12_24_13_count_106.cnf-x5_wcnf_xor_blasted,191,5,214,106,SAT,1.05,1.29
Net12_24_13_count_106.cnf-x60_wcnf_xor_blasted,191,60,214,106,?,Z,X
Net12_24_13_count_106.cnf-x6_wcnf_xor_blasted,191,6,214,106,SAT,3.68,0.72
Net12_24_13_count_106.cnf-x7_wcnf_xor_blasted,191,7,214,106,SAT,3.20,3.19
Net12_24_13_count_106.cnf-x8_wcnf_xor_blasted,191,8,214,106,SAT,0.63,1.79
Net12_24_13_count_106.cnf-x9_wcnf_xor_blasted,191,9,214,106,SAT,3.89,2.41
Net12_34_29_count_106.cnf-x0_wcnf_xor_blasted,191,0,214,106,?,Z,X
Net12_34_29_count_106.cnf-x10_wcnf_xor_blasted,191,10,214,106,?,Z,X
Net12_34_29_count_106.cnf-x11_wcnf_xor_blasted,191,11,214,106,?,Z,X
Net12_34_29_count_106.cnf-x12_wcnf_xor_blasted,191,12,214,106,?,Z,X
Net12_34_29_count_106.cnf-x13_wcnf_xor_blasted,191,13,214,106,?,Z,X
Net12_34_29_count_106.cnf-x14_wcnf_xor_blasted,191,14,214,106,?,Z,X
Net12_34_29_count_106.cnf-x15_wcnf_xor_blasted,191,15,214,106,?,Z,X
Net12_34_29_count_106.cnf-x16_wcnf_xor_blasted,191,16,214,106,?,Z,X
Net12_34_29_count_106.cnf-x17_wcnf_xor_blasted,191,17,214,106,?,Z,X
Net12_34_29_count_106.cnf-x18_wcnf_xor_blasted,191,18,214,106,?,Z,X
Net12_34_29_count_106.cnf-x19_wcnf_xor_blasted,191,19,214,106,?,Z,X
Net12_34_29_count_106.cnf-x1_wcnf_xor_blasted,191,1,214,106,?,Z,X
Net12_34_29_count_106.cnf-x20_wcnf_xor_blasted,191,20,214,106,?,Z,X
Net12_34_29_count_106.cnf-x21_wcnf_xor_blasted,191,21,214,106,?,Z,X
Net12_34_29_count_106.cnf-x22_wcnf_xor_blasted,191,22,214,106,?,Z,X
Net12_34_29_count_106.cnf-x23_wcnf_xor_blasted,191,23,214,106,?,Z,X
Net12_34_29_count_106.cnf-x24_wcnf_xor_blasted,191,24,214,106,?,Z,X
Net12_34_29_count_106.cnf-x25_wcnf_xor_blasted,191,25,214,106,?,Z,X
Net12_34_29_count_106.cnf-x26_wcnf_xor_blasted,191,26,214,106,?,Z,X
Net12_34_29_count_106.cnf-x27_wcnf_xor_blasted,191,27,214,106,?,Z,X
Net12_34_29_count_106.cnf-x28_wcnf_xor_blasted,191,28,214,106,?,Z,X
Net12_34_29_count_106.cnf-x29_wcnf_xor_blasted,191,29,214,106,?,Z,X
Net12_34_29_count_106.cnf-x2_wcnf_xor_blasted,191,2,214,106,?,Z,X
Net12_34_29_count_106.cnf-x30_wcnf_xor_blasted,191,30,214,106,?,Z,X
Net12_34_29_count_106.cnf-x31_wcnf_xor_blasted,191,31,214,106,?,Z,X
Net12_34_29_count_106.cnf-x32_wcnf_xor_blasted,191,32,214,106,?,Z,X
Net12_34_29_count_106.cnf-x33_wcnf_xor_blasted,191,33,214,106,?,Z,X
Net12_34_29_count_106.cnf-x34_wcnf_xor_blasted,191,34,214,106,?,Z,X
Net12_34_29_count_106.cnf-x35_wcnf_xor_blasted,191,35,214,106,?,Z,X
Net12_34_29_count_106.cnf-x36_wcnf_xor_blasted,191,36,214,106,?,Z,X
Net12_34_29_count_106.cnf-x37_wcnf_xor_blasted,191,37,214,106,?,Z,X
Net12_34_29_count_106.cnf-x38_wcnf_xor_blasted,191,38,214,106,?,Z,X
Net12_34_29_count_106.cnf-x39_wcnf_xor_blasted,191,39,214,106,?,Z,X
Net12_34_29_count_106.cnf-x3_wcnf_xor_blasted,191,3,214,106,?,Z,X
Net12_34_29_count_106.cnf-x40_wcnf_xor_blasted,191,40,214,106,?,Z,X
Net12_34_29_count_106.cnf-x41_wcnf_xor_blasted,191,41,214,106,?,Z,X
Net12_34_29_count_106.cnf-x42_wcnf_xor_blasted,191,42,214,106,?,Z,X
Net12_34_29_count_106.cnf-x43_wcnf_xor_blasted,191,43,214,106,?,Z,X
Net12_34_29_count_106.cnf-x44_wcnf_xor_blasted,191,44,214,106,?,Z,X
Net12_34_29_count_106.cnf-x45_wcnf_xor_blasted,191,45,214,106,?,Z,X
Net12_34_29_count_106.cnf-x46_wcnf_xor_blasted,191,46,214,106,?,Z,X
Net12_34_29_count_106.cnf-x47_wcnf_xor_blasted,191,47,214,106,?,Z,X
Net12_34_29_count_106.cnf-x48_wcnf_xor_blasted,191,48,214,106,?,Z,X
Net12_34_29_count_106.cnf-x49_wcnf_xor_blasted,191,49,214,106,?,Z,X
Net12_34_29_count_106.cnf-x4_wcnf_xor_blasted,191,4,214,106,?,Z,X
Net12_34_29_count_106.cnf-x50_wcnf_xor_blasted,191,50,214,106,?,Z,X
Net12_34_29_count_106.cnf-x51_wcnf_xor_blasted,191,51,214,106,?,Z,X
Net12_34_29_count_106.cnf-x52_wcnf_xor_blasted,191,52,214,106,?,Z,X
Net12_34_29_count_106.cnf-x53_wcnf_xor_blasted,191,53,214,106,?,Z,X
Net12_34_29_count_106.cnf-x54_wcnf_xor_blasted,191,54,214,106,?,Z,X
Net12_34_29_count_106.cnf-x55_wcnf_xor_blasted,191,55,214,106,?,Z,X
Net12_34_29_count_106.cnf-x56_wcnf_xor_blasted,191,56,214,106,?,Z,X
Net12_34_29_count_106.cnf-x57_wcnf_xor_blasted,191,57,214,106,?,Z,X
Net12_34_29_count_106.cnf-x58_wcnf_xor_blasted,191,58,214,106,?,Z,X
Net12_34_29_count_106.cnf-x59_wcnf_xor_blasted,191,59,214,106,?,Z,X
Net12_34_29_count_106.cnf-x5_wcnf_xor_blasted,191,5,214,106,?,Z,X
Net12_34_29_count_106.cnf-x60_wcnf_xor_blasted,191,60,214,106,?,Z,X
Net12_34_29_count_106.cnf-x6_wcnf_xor_blasted,191,6,214,106,?,Z,X
Net12_34_29_count_106.cnf-x7_wcnf_xor_blasted,191,7,214,106,?,Z,X
Net12_34_29_count_106.cnf-x8_wcnf_xor_blasted,191,8,214,106,?,Z,X
Net12_34_29_count_106.cnf-x9_wcnf_xor_blasted,191,9,214,106,?,Z,X
Net22_60_8_count_116.cnf-x0_wcnf_xor_blasted,219,0,234,116,SAT,0.01,0.00
Net22_60_8_count_116.cnf-x10_wcnf_xor_blasted,219,10,234,116,SAT,175.24,52.74
Net22_60_8_count_116.cnf-x11_wcnf_xor_blasted,219,11,234,116,SAT,84.58,19.06
Net22_60_8_count_116.cnf-x12_wcnf_xor_blasted,219,12,234,116,SAT,73.63,77.18
Net22_60_8_count_116.cnf-x13_wcnf_xor_blasted,219,13,234,116,SAT,65.46,81.75
Net22_60_8_count_116.cnf-x14_wcnf_xor_blasted,219,14,234,116,SAT,178.08,301.70
Net22_60_8_count_116.cnf-x15_wcnf_xor_blasted,219,15,234,116,SAT,108.13,89.70
Net22_60_8_count_116.cnf-x16_wcnf_xor_blasted,219,16,234,116,SAT,202.75,308.53
Net22_60_8_count_116.cnf-x17_wcnf_xor_blasted,219,17,234,116,SAT,Z,638.60
Net22_60_8_count_116.cnf-x18_wcnf_xor_blasted,219,18,234,116,SAT,Z,641.23
Net22_60_8_count_116.cnf-x19_wcnf_xor_blasted,219,19,234,116,SAT,Z,316.87
Net22_60_8_count_116.cnf-x1_wcnf_xor_blasted,219,1,234,116,SAT,0.01,0.01
Net22_60_8_count_116.cnf-x20_wcnf_xor_blasted,219,20,234,116,SAT,Z,629.39
Net22_60_8_count_116.cnf-x21_wcnf_xor_blasted,219,21,234,116,SAT,Z,472.15
Net22_60_8_count_116.cnf-x22_wcnf_xor_blasted,219,22,234,116,SAT,Z,353.91
Net22_60_8_count_116.cnf-x23_wcnf_xor_blasted,219,23,234,116,?,Z,X
Net22_60_8_count_116.cnf-x24_wcnf_xor_blasted,219,24,234,116,?,Z,X
Net22_60_8_count_116.cnf-x25_wcnf_xor_blasted,219,25,234,116,?,Z,X
Net22_60_8_count_116.cnf-x26_wcnf_xor_blasted,219,26,234,116,?,Z,X
Net22_60_8_count_116.cnf-x27_wcnf_xor_blasted,219,27,234,116,?,Z,X
Net22_60_8_count_116.cnf-x28_wcnf_xor_blasted,219,28,234,116,?,Z,X
Net22_60_8_count_116.cnf-x29_wcnf_xor_blasted,219,29,234,116,?,Z,X
Net22_60_8_count_116.cnf-x2_wcnf_xor_blasted,219,2,234,116,SAT,0.02,0.02
Net22_60_8_count_116.cnf-x30_wcnf_xor_blasted,219,30,234,116,?,Z,X
Net22_60_8_count_116.cnf-x31_wcnf_xor_blasted,219,31,234,116,?,Z,X
Net22_60_8_count_116.cnf-x32_wcnf_xor_blasted,219,32,234,116,?,Z,X
Net22_60_8_count_116.cnf-x33_wcnf_xor_blasted,219,33,234,116,?,Z,X
Net22_60_8_count_116.cnf-x34_wcnf_xor_blasted,219,34,234,116,?,Z,X
Net22_60_8_count_116.cnf-x35_wcnf_xor_blasted,219,35,234,116,?,Z,X
Net22_60_8_count_116.cnf-x36_wcnf_xor_blasted,219,36,234,116,?,Z,X
Net22_60_8_count_116.cnf-x37_wcnf_xor_blasted,219,37,234,116,?,Z,X
Net22_60_8_count_116.cnf-x38_wcnf_xor_blasted,219,38,234,116,?,Z,X
Net22_60_8_count_116.cnf-x39_wcnf_xor_blasted,219,39,234,116,?,Z,X
Net22_60_8_count_116.cnf-x3_wcnf_xor_blasted,219,3,234,116,SAT,0.03,0.02
Net22_60_8_count_116.cnf-x40_wcnf_xor_blasted,219,40,234,116,?,Z,X
Net22_60_8_count_116.cnf-x41_wcnf_xor_blasted,219,41,234,116,?,Z,X
Net22_60_8_count_116.cnf-x42_wcnf_xor_blasted,219,42,234,116,?,Z,X
Net22_60_8_count_116.cnf-x43_wcnf_xor_blasted,219,43,234,116,?,Z,X
Net22_60_8_count_116.cnf-x44_wcnf_xor_blasted,219,44,234,116,?,Z,X
Net22_60_8_count_116.cnf-x45_wcnf_xor_blasted,219,45,234,116,?,Z,X
Net22_60_8_count_116.cnf-x46_wcnf_xor_blasted,219,46,234,116,?,Z,X
Net22_60_8_count_116.cnf-x47_wcnf_xor_blasted,219,47,234,116,?,Z,X
Net22_60_8_count_116.cnf-x48_wcnf_xor_blasted,219,48,234,116,?,Z,X
Net22_60_8_count_116.cnf-x49_wcnf_xor_blasted,219,49,234,116,?,Z,X
Net22_60_8_count_116.cnf-x4_wcnf_xor_blasted,219,4,234,116,SAT,0.02,0.03
Net22_60_8_count_116.cnf-x50_wcnf_xor_blasted,219,50,234,116,?,Z,X
Net22_60_8_count_116.cnf-x51_wcnf_xor_blasted,219,51,234,116,?,Z,X
Net22_60_8_count_116.cnf-x52_wcnf_xor_blasted,219,52,234,116,?,Z,X
Net22_60_8_count_116.cnf-x53_wcnf_xor_blasted,219,53,234,116,?,Z,X
Net22_60_8_count_116.cnf-x54_wcnf_xor_blasted,219,54,234,116,?,Z,X
Net22_60_8_count_116.cnf-x55_wcnf_xor_blasted,219,55,234,116,?,Z,X
Net22_60_8_count_116.cnf-x56_wcnf_xor_blasted,219,56,234,116,?,Z,X
Net22_60_8_count_116.cnf-x57_wcnf_xor_blasted,219,57,234,116,?,Z,X
Net22_60_8_count_116.cnf-x58_wcnf_xor_blasted,219,58,234,116,?,Z,X
Net22_60_8_count_116.cnf-x59_wcnf_xor_blasted,219,59,234,116,?,Z,X
Net22_60_8_count_116.cnf-x5_wcnf_xor_blasted,219,5,234,116,SAT,0.03,0.05
Net22_60_8_count_116.cnf-x60_wcnf_xor_blasted,219,60,234,116,?,Z,X
Net22_60_8_count_116.cnf-x6_wcnf_xor_blasted,219,6,234,116,SAT,7.99,1.20
Net22_60_8_count_116.cnf-x7_wcnf_xor_blasted,219,7,234,116,SAT,11.45,5.89
Net22_60_8_count_116.cnf-x8_wcnf_xor_blasted,219,8,234,116,SAT,9.26,11.63
Net22_60_8_count_116.cnf-x9_wcnf_xor_blasted,219,9,234,116,SAT,40.54,8.99
Net22_91_75_count_116.cnf-x0_wcnf_xor_blasted,219,0,234,116,SAT,0.00,0.00
Net22_91_75_count_116.cnf-x10_wcnf_xor_blasted,219,10,234,116,SAT,196.32,91.82
Net22_91_75_count_116.cnf-x11_wcnf_xor_blasted,219,11,234,116,SAT,66.71,24.64
Net22_91_75_count_116.cnf-x12_wcnf_xor_blasted,219,12,234,116,SAT,77.86,58.50
Net22_91_75_count_116.cnf-x13_wcnf_xor_blasted,219,13,234,116,SAT,72.70,23.86
Net22_91_75_count_116.cnf-x14_wcnf_xor_blasted,219,14,234,116,SAT,100.89,104.87
Net22_91_75_count_116.cnf-x15_wcnf_xor_blasted,219,15,234,116,SAT,118.62,92.08
Net22_91_75_count_116.cnf-x16_wcnf_xor_blasted,219,16,234,116,SAT,158.02,40.04
Net22_91_75_count_116.cnf-x17_wcnf_xor_blasted,219,17,234,116,SAT,193.11,96.72
Net22_91_75_count_116.cnf-x18_wcnf_xor_blasted,219,18,234,116,SAT,152.08,119.02
Net22_91_75_count_116.cnf-x19_wcnf_xor_blasted,219,19,234,116,SAT,331.12,251.34
Net22_91_75_count_116.cnf-x1_wcnf_xor_blasted,219,1,234,116,SAT,0.01,0.01
Net22_91_75_count_116.cnf-x20_wcnf_xor_blasted,219,20,234,116,SAT,1097.25,315.30
Net22_91_75_count_116.cnf-x21_wcnf_xor_blasted,219,21,234,116,SAT,1092.46,47.84
Net22_91_75_count_116.cnf-x22_wcnf_xor_blasted,219,22,234,116,?,Z,X
Net22_91_75_count_116.cnf-x23_wcnf_xor_blasted,219,23,234,116,?,Z,X
Net22_91_75_count_116.cnf-x24_wcnf_xor_blasted,219,24,234,116,?,Z,X
Net22_91_75_count_116.cnf-x25_wcnf_xor_blasted,219,25,234,116,?,Z,X
Net22_91_75_count_116.cnf-x26_wcnf_xor_blasted,219,26,234,116,?,Z,X
Net22_91_75_count_116.cnf-x27_wcnf_xor_blasted,219,27,234,116,?,Z,X
Net22_91_75_count_116.cnf-x28_wcnf_xor_blasted,219,28,234,116,?,Z,X
Net22_91_75_count_116.cnf-x29_wcnf_xor_blasted,219,29,234,116,?,Z,X
Net22_91_75_count_116.cnf-x2_wcnf_xor_blasted,219,2,234,116,SAT,0.01,0.01
Net22_91_75_count_116.cnf-x30_wcnf_xor_blasted,219,30,234,116,?,Z,X
Net22_91_75_count_116.cnf-x31_wcnf_xor_blasted,219,31,234,116,?,Z,X
Net22_91_75_count_116.cnf-x32_wcnf_xor_blasted,219,32,234,116,?,Z,X
Net22_91_75_count_116.cnf-x33_wcnf_xor_blasted,219,33,234,116,?,Z,X
Net22_91_75_count_116.cnf-x34_wcnf_xor_blasted,219,34,234,116,?,Z,X
Net22_91_75_count_116.cnf-x35_wcnf_xor_blasted,219,35,234,116,?,Z,X
Net22_91_75_count_116.cnf-x36_wcnf_xor_blasted,219,36,234,116,?,Z,X
Net22_91_75_count_116.cnf-x37_wcnf_xor_blasted,219,37,234,116,?,Z,X
Net22_91_75_count_116.cnf-x38_wcnf_xor_blasted,219,38,234,116,?,Z,X
Net22_91_75_count_116.cnf-x39_wcnf_xor_blasted,219,39,234,116,?,Z,X
Net22_91_75_count_116.cnf-x3_wcnf_xor_blasted,219,3,234,116,SAT,0.02,0.02
Net22_91_75_count_116.cnf-x40_wcnf_xor_blasted,219,40,234,116,?,Z,X
Net22_91_75_count_116.cnf-x41_wcnf_xor_blasted,219,41,234,116,?,Z,X
Net22_91_75_count_116.cnf-x42_wcnf_xor_blasted,219,42,234,116,?,Z,X
Net22_91_75_count_116.cnf-x43_wcnf_xor_blasted,219,43,234,116,?,Z,X
Net22_91_75_count_116.cnf-x44_wcnf_xor_blasted,219,44,234,116,?,Z,X
Net22_91_75_count_116.cnf-x45_wcnf_xor_blasted,219,45,234,116,?,Z,X
Net22_91_75_count_116.cnf-x46_wcnf_xor_blasted,219,46,234,116,?,Z,X
Net22_91_75_count_116.cnf-x47_wcnf_xor_blasted,219,47,234,116,?,Z,X
Net22_91_75_count_116.cnf-x48_wcnf_xor_blasted,219,48,234,116,?,Z,X
Net22_91_75_count_116.cnf-x49_wcnf_xor_blasted,219,49,234,116,?,Z,X
Net22_91_75_count_116.cnf-x4_wcnf_xor_blasted,219,4,234,116,SAT,0.92,0.92
Net22_91_75_count_116.cnf-x50_wcnf_xor_blasted,219,50,234,116,?,Z,X
Net22_91_75_count_116.cnf-x51_wcnf_xor_blasted,219,51,234,116,?,Z,X
Net22_91_75_count_116.cnf-x52_wcnf_xor_blasted,219,52,234,116,?,Z,X
Net22_91_75_count_116.cnf-x53_wcnf_xor_blasted,219,53,234,116,?,Z,X
Net22_91_75_count_116.cnf-x54_wcnf_xor_blasted,219,54,234,116,?,Z,X
Net22_91_75_count_116.cnf-x55_wcnf_xor_blasted,219,55,234,116,?,Z,X
Net22_91_75_count_116.cnf-x56_wcnf_xor_blasted,219,56,234,116,?,Z,X
Net22_91_75_count_116.cnf-x57_wcnf_xor_blasted,219,57,234,116,?,Z,X
Net22_91_75_count_116.cnf-x58_wcnf_xor_blasted,219,58,234,116,?,Z,X
Net22_91_75_count_116.cnf-x59_wcnf_xor_blasted,219,59,234,116,?,Z,X
Net22_91_75_count_116.cnf-x5_wcnf_xor_blasted,219,5,234,116,SAT,2.30,0.92
Net22_91_75_count_116.cnf-x60_wcnf_xor_blasted,219,60,234,116,?,Z,X
Net22_91_75_count_116.cnf-x6_wcnf_xor_blasted,219,6,234,116,SAT,1.20,2.12
Net22_91_75_count_116.cnf-x7_wcnf_xor_blasted,219,7,234,116,SAT,8.00,2.43
Net22_91_75_count_116.cnf-x8_wcnf_xor_blasted,219,8,234,116,SAT,26.10,8.20
Net22_91_75_count_116.cnf-x9_wcnf_xor_blasted,219,9,234,116,SAT,29.17,21.44
Net22_95_12_count_116.cnf-x0_wcnf_xor_blasted,219,0,234,116,?,Z,X
Net22_95_12_count_116.cnf-x10_wcnf_xor_blasted,219,10,234,116,?,Z,X
Net22_95_12_count_116.cnf-x11_wcnf_xor_blasted,219,11,234,116,?,Z,X
Net22_95_12_count_116.cnf-x12_wcnf_xor_blasted,219,12,234,116,?,Z,X
Net22_95_12_count_116.cnf-x13_wcnf_xor_blasted,219,13,234,116,?,Z,X
Net22_95_12_count_116.cnf-x14_wcnf_xor_blasted,219,14,234,116,?,Z,X
Net22_95_12_count_116.cnf-x15_wcnf_xor_blasted,219,15,234,116,?,Z,X
Net22_95_12_count_116.cnf-x16_wcnf_xor_blasted,219,16,234,116,?,Z,X
Net22_95_12_count_116.cnf-x17_wcnf_xor_blasted,219,17,234,116,?,Z,X
Net22_95_12_count_116.cnf-x18_wcnf_xor_blasted,219,18,234,116,?,Z,X
Net22_95_12_count_116.cnf-x19_wcnf_xor_blasted,219,19,234,116,?,Z,X
Net22_95_12_count_116.cnf-x1_wcnf_xor_blasted,219,1,234,116,?,Z,X
Net22_95_12_count_116.cnf-x20_wcnf_xor_blasted,219,20,234,116,?,Z,X
Net22_95_12_count_116.cnf-x21_wcnf_xor_blasted,219,21,234,116,?,Z,X
Net22_95_12_count_116.cnf-x22_wcnf_xor_blasted,219,22,234,116,?,Z,X
Net22_95_12_count_116.cnf-x23_wcnf_xor_blasted,219,23,234,116,?,Z,X
Net22_95_12_count_116.cnf-x24_wcnf_xor_blasted,219,24,234,116,?,Z,X
Net22_95_12_count_116.cnf-x25_wcnf_xor_blasted,219,25,234,116,?,Z,X
Net22_95_12_count_116.cnf-x26_wcnf_xor_blasted,219,26,234,116,?,Z,X
Net22_95_12_count_116.cnf-x27_wcnf_xor_blasted,219,27,234,116,?,Z,X
Net22_95_12_count_116.cnf-x28_wcnf_xor_blasted,219,28,234,116,?,Z,X
Net22_95_12_count_116.cnf-x29_wcnf_xor_blasted,219,29,234,116,?,Z,X
Net22_95_12_count_116.cnf-x2_wcnf_xor_blasted,219,2,234,116,?,Z,X
Net22_95_12_count_116.cnf-x30_wcnf_xor_blasted,219,30,234,116,?,Z,X
Net22_95_12_count_116.cnf-x31_wcnf_xor_blasted,219,31,234,116,?,Z,X
Net22_95_12_count_116.cnf-x32_wcnf_xor_blasted,219,32,234,116,?,Z,X
Net22_95_12_count_116.cnf-x33_wcnf_xor_blasted,219,33,234,116,?,Z,X
Net22_95_12_count_116.cnf-x34_wcnf_xor_blasted,219,34,234,116,?,Z,X
Net22_95_12_count_116.cnf-x35_wcnf_xor_blasted,219,35,234,116,?,Z,X
Net22_95_12_count_116.cnf-x36_wcnf_xor_blasted,219,36,234,116,?,Z,X
Net22_95_12_count_116.cnf-x37_wcnf_xor_blasted,219,37,234,116,?,Z,X
Net22_95_12_count_116.cnf-x38_wcnf_xor_blasted,219,38,234,116,?,Z,X
Net22_95_12_count_116.cnf-x39_wcnf_xor_blasted,219,39,234,116,?,Z,X
Net22_95_12_count_116.cnf-x3_wcnf_xor_blasted,219,3,234,116,?,Z,X
Net22_95_12_count_116.cnf-x40_wcnf_xor_blasted,219,40,234,116,?,Z,X
Net22_95_12_count_116.cnf-x41_wcnf_xor_blasted,219,41,234,116,?,Z,X
Net22_95_12_count_116.cnf-x42_wcnf_xor_blasted,219,42,234,116,?,Z,X
Net22_95_12_count_116.cnf-x43_wcnf_xor_blasted,219,43,234,116,?,Z,X
Net22_95_12_count_116.cnf-x44_wcnf_xor_blasted,219,44,234,116,?,Z,X
Net22_95_12_count_116.cnf-x45_wcnf_xor_blasted,219,45,234,116,?,Z,X
Net22_95_12_count_116.cnf-x46_wcnf_xor_blasted,219,46,234,116,?,Z,X
Net22_95_12_count_116.cnf-x47_wcnf_xor_blasted,219,47,234,116,?,Z,X
Net22_95_12_count_116.cnf-x48_wcnf_xor_blasted,219,48,234,116,?,Z,X
Net22_95_12_count_116.cnf-x49_wcnf_xor_blasted,219,49,234,116,?,Z,X
Net22_95_12_count_116.cnf-x4_wcnf_xor_blasted,219,4,234,116,?,Z,X
Net22_95_12_count_116.cnf-x50_wcnf_xor_blasted,219,50,234,116,?,Z,X
Net22_95_12_count_116.cnf-x51_wcnf_xor_blasted,219,51,234,116,?,Z,X
Net22_95_12_count_116.cnf-x52_wcnf_xor_blasted,219,52,234,116,?,Z,X
Net22_95_12_count_116.cnf-x53_wcnf_xor_blasted,219,53,234,116,?,Z,X
Net22_95_12_count_116.cnf-x54_wcnf_xor_blasted,219,54,234,116,?,Z,X
Net22_95_12_count_116.cnf-x55_wcnf_xor_blasted,219,55,234,116,?,Z,X
Net22_95_12_count_116.cnf-x56_wcnf_xor_blasted,219,56,234,116,?,Z,X
Net22_95_12_count_116.cnf-x57_wcnf_xor_blasted,219,57,234,116,?,Z,X
Net22_95_12_count_116.cnf-x58_wcnf_xor_blasted,219,58,234,116,?,Z,X
Net22_95_12_count_116.cnf-x59_wcnf_xor_blasted,219,59,234,116,?,Z,X
Net22_95_12_count_116.cnf-x5_wcnf_xor_blasted,219,5,234,116,?,Z,X
Net22_95_12_count_116.cnf-x60_wcnf_xor_blasted,219,60,234,116,?,Z,X
Net22_95_12_count_116.cnf-x6_wcnf_xor_blasted,219,6,234,116,?,Z,X
Net22_95_12_count_116.cnf-x7_wcnf_xor_blasted,219,7,234,116,?,Z,X
Net22_95_12_count_116.cnf-x8_wcnf_xor_blasted,219,8,234,116,?,Z,X
Net22_95_12_count_116.cnf-x9_wcnf_xor_blasted,219,9,234,116,?,Z,X
Net2_29_8_count_69.cnf-x0_wcnf_xor_blasted,119,0,140,69,SAT,0.00,0.00
Net2_29_8_count_69.cnf-x10_wcnf_xor_blasted,119,10,140,69,SAT,33.03,1.92
Net2_29_8_count_69.cnf-x11_wcnf_xor_blasted,119,11,140,69,SAT,36.92,2.80
Net2_29_8_count_69.cnf-x12_wcnf_xor_blasted,119,12,140,69,SAT,241.68,11.00
Net2_29_8_count_69.cnf-x13_wcnf_xor_blasted,119,13,140,69,SAT,231.93,13.42
Net2_29_8_count_69.cnf-x14_wcnf_xor_blasted,119,14,140,69,SAT,304.38,15.25
Net2_29_8_count_69.cnf-x15_wcnf_xor_blasted,119,15,140,69,SAT,303.34,23.58
Net2_29_8_count_69.cnf-x16_wcnf_xor_blasted,119,16,140,69,SAT,304.87,15.19
Net2_29_8_count_69.cnf-x17_wcnf_xor_blasted,119,17,140,69,SAT,464.71,322.06
Net2_29_8_count_69.cnf-x18_wcnf_xor_blasted,119,18,140,69,SAT,765.70,281.44
Net2_29_8_count_69.cnf-x19_wcnf_xor_blasted,119,19,140,69,SAT,1096.22,292.88
Net2_29_8_count_69.cnf-x1_wcnf_xor_blasted,119,1,140,69,SAT,0.00,0.00
Net2_29_8_count_69.cnf-x20_wcnf_xor_blasted,119,20,140,69,SAT,1187.10,270.71
Net2_29_8_count_69.cnf-x21_wcnf_xor_blasted,119,21,140,69,SAT,1808.53,321.49
Net2_29_8_count_69.cnf-x22_wcnf_xor_blasted,119,22,140,69,SAT,3099.15,343.62
Net2_29_8_count_69.cnf-x23_wcnf_xor_blasted,119,23,140,69,SAT,3456.20,3547.08
Net2_29_8_count_69.cnf-x24_wcnf_xor_blasted,119,24,140,69,SAT,Z,2022.98
Net2_29_8_count_69.cnf-x25_wcnf_xor_blasted,119,25,140,69,?,Z,X
Net2_29_8_count_69.cnf-x26_wcnf_xor_blasted,119,26,140,69,?,Z,X
Net2_29_8_count_69.cnf-x27_wcnf_xor_blasted,119,27,140,69,?,Z,X
Net2_29_8_count_69.cnf-x28_wcnf_xor_blasted,119,28,140,69,?,Z,X
Net2_29_8_count_69.cnf-x29_wcnf_xor_blasted,119,29,140,69,?,Z,X
Net2_29_8_count_69.cnf-x2_wcnf_xor_blasted,119,2,140,69,SAT,0.00,0.01
Net2_29_8_count_69.cnf-x30_wcnf_xor_blasted,119,30,140,69,?,Z,X
Net2_29_8_count_69.cnf-x31_wcnf_xor_blasted,119,31,140,69,?,Z,X
Net2_29_8_count_69.cnf-x32_wcnf_xor_blasted,119,32,140,69,?,Z,X
Net2_29_8_count_69.cnf-x33_wcnf_xor_blasted,119,33,140,69,?,Z,X
Net2_29_8_count_69.cnf-x34_wcnf_xor_blasted,119,34,140,69,?,Z,X
Net2_29_8_count_69.cnf-x35_wcnf_xor_blasted,119,35,140,69,?,Z,X
Net2_29_8_count_69.cnf-x36_wcnf_xor_blasted,119,36,140,69,?,Z,X
Net2_29_8_count_69.cnf-x37_wcnf_xor_blasted,119,37,140,69,?,Z,X
Net2_29_8_count_69.cnf-x38_wcnf_xor_blasted,119,38,140,69,?,Z,X
Net2_29_8_count_69.cnf-x39_wcnf_xor_blasted,119,39,140,69,?,Z,X
Net2_29_8_count_69.cnf-x3_wcnf_xor_blasted,119,3,140,69,SAT,0.04,0.04
Net2_29_8_count_69.cnf-x40_wcnf_xor_blasted,119,40,140,69,?,Z,X
Net2_29_8_count_69.cnf-x41_wcnf_xor_blasted,119,41,140,69,?,Z,X
Net2_29_8_count_69.cnf-x42_wcnf_xor_blasted,119,42,140,69,?,Z,X
Net2_29_8_count_69.cnf-x43_wcnf_xor_blasted,119,43,140,69,?,Z,X
Net2_29_8_count_69.cnf-x44_wcnf_xor_blasted,119,44,140,69,?,Z,X
Net2_29_8_count_69.cnf-x45_wcnf_xor_blasted,119,45,140,69,?,Z,X
Net2_29_8_count_69.cnf-x46_wcnf_xor_blasted,119,46,140,69,?,Z,X
Net2_29_8_count_69.cnf-x47_wcnf_xor_blasted,119,47,140,69,?,Z,X
Net2_29_8_count_69.cnf-x48_wcnf_xor_blasted,119,48,140,69,?,Z,X
Net2_29_8_count_69.cnf-x49_wcnf_xor_blasted,119,49,140,69,?,Z,X
Net2_29_8_count_69.cnf-x4_wcnf_xor_blasted,119,4,140,69,SAT,0.15,0.14
Net2_29_8_count_69.cnf-x50_wcnf_xor_blasted,119,50,140,69,?,Z,X
Net2_29_8_count_69.cnf-x51_wcnf_xor_blasted,119,51,140,69,?,Z,X
Net2_29_8_count_69.cnf-x52_wcnf_xor_blasted,119,52,140,69,?,Z,X
Net2_29_8_count_69.cnf-x53_wcnf_xor_blasted,119,53,140,69,?,Z,X
Net2_29_8_count_69.cnf-x54_wcnf_xor_blasted,119,54,140,69,?,Z,X
Net2_29_8_count_69.cnf-x55_wcnf_xor_blasted,119,55,140,69,?,Z,X
Net2_29_8_count_69.cnf-x56_wcnf_xor_blasted,119,56,140,69,?,Z,X
Net2_29_8_count_69.cnf-x57_wcnf_xor_blasted,119,57,140,69,?,Z,X
Net2_29_8_count_69.cnf-x58_wcnf_xor_blasted,119,58,140,69,?,Z,X
Net2_29_8_count_69.cnf-x59_wcnf_xor_blasted,119,59,140,69,?,Z,X
Net2_29_8_count_69.cnf-x5_wcnf_xor_blasted,119,5,140,69,SAT,0.10,0.11
Net2_29_8_count_69.cnf-x60_wcnf_xor_blasted,119,60,140,69,?,Z,X
Net2_29_8_count_69.cnf-x6_wcnf_xor_blasted,119,6,140,69,SAT,2.56,0.11
Net2_29_8_count_69.cnf-x7_wcnf_xor_blasted,119,7,140,69,SAT,0.92,0.06
Net2_29_8_count_69.cnf-x8_wcnf_xor_blasted,119,8,140,69,SAT,0.27,0.06
Net2_29_8_count_69.cnf-x9_wcnf_xor_blasted,119,9,140,69,SAT,57.28,1.26
Net27_102_11_count_118.cnf-x0_wcnf_xor_blasted,230,0,238,118,?,Z,X
Net27_102_11_count_118.cnf-x10_wcnf_xor_blasted,230,10,238,118,?,Z,X
Net27_102_11_count_118.cnf-x11_wcnf_xor_blasted,230,11,238,118,?,Z,X
Net27_102_11_count_118.cnf-x12_wcnf_xor_blasted,230,12,238,118,?,Z,X
Net27_102_11_count_118.cnf-x13_wcnf_xor_blasted,230,13,238,118,?,Z,X
Net27_102_11_count_118.cnf-x14_wcnf_xor_blasted,230,14,238,118,?,Z,X
Net27_102_11_count_118.cnf-x15_wcnf_xor_blasted,230,15,238,118,?,Z,X
Net27_102_11_count_118.cnf-x16_wcnf_xor_blasted,230,16,238,118,?,Z,X
Net27_102_11_count_118.cnf-x17_wcnf_xor_blasted,230,17,238,118,?,Z,X
Net27_102_11_count_118.cnf-x18_wcnf_xor_blasted,230,18,238,118,?,Z,X
Net27_102_11_count_118.cnf-x19_wcnf_xor_blasted,230,19,238,118,?,Z,X
Net27_102_11_count_118.cnf-x1_wcnf_xor_blasted,230,1,238,118,?,Z,X
Net27_102_11_count_118.cnf-x20_wcnf_xor_blasted,230,20,238,118,?,Z,X
Net27_102_11_count_118.cnf-x21_wcnf_xor_blasted,230,21,238,118,?,Z,X
Net27_102_11_count_118.cnf-x22_wcnf_xor_blasted,230,22,238,118,?,Z,X
Net27_102_11_count_118.cnf-x23_wcnf_xor_blasted,230,23,238,118,?,Z,X
Net27_102_11_count_118.cnf-x24_wcnf_xor_blasted,230,24,238,118,?,Z,X
Net27_102_11_count_118.cnf-x25_wcnf_xor_blasted,230,25,238,118,?,Z,X
Net27_102_11_count_118.cnf-x26_wcnf_xor_blasted,230,26,238,118,?,Z,X
Net27_102_11_count_118.cnf-x27_wcnf_xor_blasted,230,27,238,118,?,Z,X
Net27_102_11_count_118.cnf-x28_wcnf_xor_blasted,230,28,238,118,?,Z,X
Net27_102_11_count_118.cnf-x29_wcnf_xor_blasted,230,29,238,118,?,Z,X
Net27_102_11_count_118.cnf-x2_wcnf_xor_blasted,230,2,238,118,?,Z,X
Net27_102_11_count_118.cnf-x30_wcnf_xor_blasted,230,30,238,118,?,Z,X
Net27_102_11_count_118.cnf-x31_wcnf_xor_blasted,230,31,238,118,?,Z,X
Net27_102_11_count_118.cnf-x32_wcnf_xor_blasted,230,32,238,118,?,Z,X
Net27_102_11_count_118.cnf-x33_wcnf_xor_blasted,230,33,238,118,?,Z,X
Net27_102_11_count_118.cnf-x34_wcnf_xor_blasted,230,34,238,118,?,Z,X
Net27_102_11_count_118.cnf-x35_wcnf_xor_blasted,230,35,238,118,?,Z,X
Net27_102_11_count_118.cnf-x36_wcnf_xor_blasted,230,36,238,118,?,Z,X
Net27_102_11_count_118.cnf-x37_wcnf_xor_blasted,230,37,238,118,?,Z,X
Net27_102_11_count_118.cnf-x38_wcnf_xor_blasted,230,38,238,118,?,Z,X
Net27_102_11_count_118.cnf-x39_wcnf_xor_blasted,230,39,238,118,?,Z,X
Net27_102_11_count_118.cnf-x3_wcnf_xor_blasted,230,3,238,118,?,Z,X
Net27_102_11_count_118.cnf-x40_wcnf_xor_blasted,230,40,238,118,?,Z,X
Net27_102_11_count_118.cnf-x41_wcnf_xor_blasted,230,41,238,118,?,Z,X
Net27_102_11_count_118.cnf-x42_wcnf_xor_blasted,230,42,238,118,?,Z,X
Net27_102_11_count_118.cnf-x43_wcnf_xor_blasted,230,43,238,118,?,Z,X
Net27_102_11_count_118.cnf-x44_wcnf_xor_blasted,230,44,238,118,?,Z,X
Net27_102_11_count_118.cnf-x45_wcnf_xor_blasted,230,45,238,118,?,Z,X
Net27_102_11_count_118.cnf-x46_wcnf_xor_blasted,230,46,238,118,?,Z,X
Net27_102_11_count_118.cnf-x47_wcnf_xor_blasted,230,47,238,118,?,Z,X
Net27_102_11_count_118.cnf-x48_wcnf_xor_blasted,230,48,238,118,?,Z,X
Net27_102_11_count_118.cnf-x49_wcnf_xor_blasted,230,49,238,118,?,Z,X
Net27_102_11_count_118.cnf-x4_wcnf_xor_blasted,230,4,238,118,?,Z,X
Net27_102_11_count_118.cnf-x50_wcnf_xor_blasted,230,50,238,118,?,Z,X
Net27_102_11_count_118.cnf-x51_wcnf_xor_blasted,230,51,238,118,?,Z,X
Net27_102_11_count_118.cnf-x52_wcnf_xor_blasted,230,52,238,118,?,Z,X
Net27_102_11_count_118.cnf-x53_wcnf_xor_blasted,230,53,238,118,?,Z,X
Net27_102_11_count_118.cnf-x54_wcnf_xor_blasted,230,54,238,118,?,Z,X
Net27_102_11_count_118.cnf-x55_wcnf_xor_blasted,230,55,238,118,?,Z,X
Net27_102_11_count_118.cnf-x56_wcnf_xor_blasted,230,56,238,118,?,Z,X
Net27_102_11_count_118.cnf-x57_wcnf_xor_blasted,230,57,238,118,?,Z,X
Net27_102_11_count_118.cnf-x58_wcnf_xor_blasted,230,58,238,118,?,Z,X
Net27_102_11_count_118.cnf-x59_wcnf_xor_blasted,230,59,238,118,?,Z,X
Net27_102_11_count_118.cnf-x5_wcnf_xor_blasted,230,5,238,118,?,Z,X
Net27_102_11_count_118.cnf-x60_wcnf_xor_blasted,230,60,238,118,?,Z,X
Net27_102_11_count_118.cnf-x6_wcnf_xor_blasted,230,6,238,118,?,Z,X
Net27_102_11_count_118.cnf-x7_wcnf_xor_blasted,230,7,238,118,?,Z,X
Net27_102_11_count_118.cnf-x8_wcnf_xor_blasted,230,8,238,118,?,Z,X
Net27_102_11_count_118.cnf-x9_wcnf_xor_blasted,230,9,238,118,?,Z,X
Net27_29_3_count_118.cnf-x0_wcnf_xor_blasted,230,0,238,118,SAT,0.00,0.00
Net27_29_3_count_118.cnf-x10_wcnf_xor_blasted,230,10,238,118,SAT,64.98,17.59
Net27_29_3_count_118.cnf-x11_wcnf_xor_blasted,230,11,238,118,SAT,64.99,35.00
Net27_29_3_count_118.cnf-x12_wcnf_xor_blasted,230,12,238,118,SAT,67.88,17.10
Net27_29_3_count_118.cnf-x13_wcnf_xor_blasted,230,13,238,118,SAT,73.51,49.05
Net27_29_3_count_118.cnf-x14_wcnf_xor_blasted,230,14,238,118,SAT,67.81,58.86
Net27_29_3_count_118.cnf-x15_wcnf_xor_blasted,230,15,238,118,SAT,68.41,17.90
Net27_29_3_count_118.cnf-x16_wcnf_xor_blasted,230,16,238,118,SAT,74.13,54.90
Net27_29_3_count_118.cnf-x17_wcnf_xor_blasted,230,17,238,118,SAT,86.05,541.96
Net27_29_3_count_118.cnf-x18_wcnf_xor_blasted,230,18,238,118,SAT,106.97,124.00
Net27_29_3_count_118.cnf-x19_wcnf_xor_blasted,230,19,238,118,SAT,Z,2650.47
Net27_29_3_count_118.cnf-x1_wcnf_xor_blasted,230,1,238,118,SAT,0.00,0.01
Net27_29_3_count_118.cnf-x20_wcnf_xor_blasted,230,20,238,118,SAT,Z,2028.03
Net27_29_3_count_118.cnf-x21_wcnf_xor_blasted,230,21,238,118,SAT,Z,2294.46
Net27_29_3_count_118.cnf-x22_wcnf_xor_blasted,230,22,238,118,SAT,Z,2243.53
Net27_29_3_count_118.cnf-x23_wcnf_xor_blasted,230,23,238,118,SAT,Z,3522.68
Net27_29_3_count_118.cnf-x24_wcnf_xor_blasted,230,24,238,118,SAT,Z,304.85
Net27_29_3_count_118.cnf-x25_wcnf_xor_blasted,230,25,238,118,?,Z,X
Net27_29_3_count_118.cnf-x26_wcnf_xor_blasted,230,26,238,118,?,Z,X
Net27_29_3_count_118.cnf-x27_wcnf_xor_blasted,230,27,238,118,?,Z,X
Net27_29_3_count_118.cnf-x28_wcnf_xor_blasted,230,28,238,118,?,Z,X
Net27_29_3_count_118.cnf-x29_wcnf_xor_blasted,230,29,238,118,?,Z,X
Net27_29_3_count_118.cnf-x2_wcnf_xor_blasted,230,2,238,118,SAT,0.02,0.01
Net27_29_3_count_118.cnf-x30_wcnf_xor_blasted,230,30,238,118,?,Z,X
Net27_29_3_count_118.cnf-x31_wcnf_xor_blasted,230,31,238,118,?,Z,X
Net27_29_3_count_118.cnf-x32_wcnf_xor_blasted,230,32,238,118,?,Z,X
Net27_29_3_count_118.cnf-x33_wcnf_xor_blasted,230,33,238,118,?,Z,X
Net27_29_3_count_118.cnf-x34_wcnf_xor_blasted,230,34,238,118,?,Z,X
Net27_29_3_count_118.cnf-x35_wcnf_xor_blasted,230,35,238,118,?,Z,X
Net27_29_3_count_118.cnf-x36_wcnf_xor_blasted,230,36,238,118,?,Z,X
Net27_29_3_count_118.cnf-x37_wcnf_xor_blasted,230,37,238,118,?,Z,X
Net27_29_3_count_118.cnf-x38_wcnf_xor_blasted,230,38,238,118,?,Z,X
Net27_29_3_count_118.cnf-x39_wcnf_xor_blasted,230,39,238,118,?,Z,X
Net27_29_3_count_118.cnf-x3_wcnf_xor_blasted,230,3,238,118,SAT,0.01,0.02
Net27_29_3_count_118.cnf-x40_wcnf_xor_blasted,230,40,238,118,?,Z,X
Net27_29_3_count_118.cnf-x41_wcnf_xor_blasted,230,41,238,118,?,Z,X
Net27_29_3_count_118.cnf-x42_wcnf_xor_blasted,230,42,238,118,?,Z,X
Net27_29_3_count_118.cnf-x43_wcnf_xor_blasted,230,43,238,118,?,Z,X
Net27_29_3_count_118.cnf-x44_wcnf_xor_blasted,230,44,238,118,?,Z,X
Net27_29_3_count_118.cnf-x45_wcnf_xor_blasted,230,45,238,118,?,Z,X
Net27_29_3_count_118.cnf-x46_wcnf_xor_blasted,230,46,238,118,?,Z,X
Net27_29_3_count_118.cnf-x47_wcnf_xor_blasted,230,47,238,118,?,Z,X
Net27_29_3_count_118.cnf-x48_wcnf_xor_blasted,230,48,238,118,?,Z,X
Net27_29_3_count_118.cnf-x49_wcnf_xor_blasted,230,49,238,118,?,Z,X
Net27_29_3_count_118.cnf-x4_wcnf_xor_blasted,230,4,238,118,SAT,1.84,1.81
Net27_29_3_count_118.cnf-x50_wcnf_xor_blasted,230,50,238,118,?,Z,X
Net27_29_3_count_118.cnf-x51_wcnf_xor_blasted,230,51,238,118,?,Z,X
Net27_29_3_count_118.cnf-x52_wcnf_xor_blasted,230,52,238,118,?,Z,X
Net27_29_3_count_118.cnf-x53_wcnf_xor_blasted,230,53,238,118,?,Z,X
Net27_29_3_count_118.cnf-x54_wcnf_xor_blasted,230,54,238,118,?,Z,X
Net27_29_3_count_118.cnf-x55_wcnf_xor_blasted,230,55,238,118,?,Z,X
Net27_29_3_count_118.cnf-x56_wcnf_xor_blasted,230,56,238,118,?,Z,X
Net27_29_3_count_118.cnf-x57_wcnf_xor_blasted,230,57,238,118,?,Z,X
Net27_29_3_count_118.cnf-x58_wcnf_xor_blasted,230,58,238,118,?,Z,X
Net27_29_3_count_118.cnf-x59_wcnf_xor_blasted,230,59,238,118,?,Z,X
Net27_29_3_count_118.cnf-x5_wcnf_xor_blasted,230,5,238,118,SAT,0.62,0.33
Net27_29_3_count_118.cnf-x60_wcnf_xor_blasted,230,60,238,118,?,Z,X
Net27_29_3_count_118.cnf-x6_wcnf_xor_blasted,230,6,238,118,SAT,8.59,2.71
Net27_29_3_count_118.cnf-x7_wcnf_xor_blasted,230,7,238,118,SAT,9.82,6.80
Net27_29_3_count_118.cnf-x8_wcnf_xor_blasted,230,8,238,118,SAT,94.60,28.23
Net27_29_3_count_118.cnf-x9_wcnf_xor_blasted,230,9,238,118,SAT,222.82,16.72
Net27_68_53_count_118.cnf-x0_wcnf_xor_blasted,230,0,238,118,?,Z,X
Net27_68_53_count_118.cnf-x10_wcnf_xor_blasted,230,10,238,118,?,Z,X
Net27_68_53_count_118.cnf-x11_wcnf_xor_blasted,230,11,238,118,?,Z,X
Net27_68_53_count_118.cnf-x12_wcnf_xor_blasted,230,12,238,118,?,Z,X
Net27_68_53_count_118.cnf-x13_wcnf_xor_blasted,230,13,238,118,?,Z,X
Net27_68_53_count_118.cnf-x14_wcnf_xor_blasted,230,14,238,118,?,Z,X
Net27_68_53_count_118.cnf-x15_wcnf_xor_blasted,230,15,238,118,?,Z,X
Net27_68_53_count_118.cnf-x16_wcnf_xor_blasted,230,16,238,118,?,Z,X
Net27_68_53_count_118.cnf-x17_wcnf_xor_blasted,230,17,238,118,?,Z,X
Net27_68_53_count_118.cnf-x18_wcnf_xor_blasted,230,18,238,118,?,Z,X
Net27_68_53_count_118.cnf-x19_wcnf_xor_blasted,230,19,238,118,?,Z,X
Net27_68_53_count_118.cnf-x1_wcnf_xor_blasted,230,1,238,118,?,Z,X
Net27_68_53_count_118.cnf-x20_wcnf_xor_blasted,230,20,238,118,?,Z,X
Net27_68_53_count_118.cnf-x21_wcnf_xor_blasted,230,21,238,118,?,Z,X
Net27_68_53_count_118.cnf-x22_wcnf_xor_blasted,230,22,238,118,?,Z,X
Net27_68_53_count_118.cnf-x23_wcnf_xor_blasted,230,23,238,118,?,Z,X
Net27_68_53_count_118.cnf-x24_wcnf_xor_blasted,230,24,238,118,?,Z,X
Net27_68_53_count_118.cnf-x25_wcnf_xor_blasted,230,25,238,118,?,Z,X
Net27_68_53_count_118.cnf-x26_wcnf_xor_blasted,230,26,238,118,?,Z,X
Net27_68_53_count_118.cnf-x27_wcnf_xor_blasted,230,27,238,118,?,Z,X
Net27_68_53_count_118.cnf-x28_wcnf_xor_blasted,230,28,238,118,?,Z,X
Net27_68_53_count_118.cnf-x29_wcnf_xor_blasted,230,29,238,118,?,Z,X
Net27_68_53_count_118.cnf-x2_wcnf_xor_blasted,230,2,238,118,?,Z,X
Net27_68_53_count_118.cnf-x30_wcnf_xor_blasted,230,30,238,118,?,Z,X
Net27_68_53_count_118.cnf-x31_wcnf_xor_blasted,230,31,238,118,?,Z,X
Net27_68_53_count_118.cnf-x32_wcnf_xor_blasted,230,32,238,118,?,Z,X
Net27_68_53_count_118.cnf-x33_wcnf_xor_blasted,230,33,238,118,?,Z,X
Net27_68_53_count_118.cnf-x34_wcnf_xor_blasted,230,34,238,118,?,Z,X
Net27_68_53_count_118.cnf-x35_wcnf_xor_blasted,230,35,238,118,?,Z,X
Net27_68_53_count_118.cnf-x36_wcnf_xor_blasted,230,36,238,118,?,Z,X
Net27_68_53_count_118.cnf-x37_wcnf_xor_blasted,230,37,238,118,?,Z,X
Net27_68_53_count_118.cnf-x38_wcnf_xor_blasted,230,38,238,118,?,Z,X
Net27_68_53_count_118.cnf-x39_wcnf_xor_blasted,230,39,238,118,?,Z,X
Net27_68_53_count_118.cnf-x3_wcnf_xor_blasted,230,3,238,118,?,Z,X
Net27_68_53_count_118.cnf-x40_wcnf_xor_blasted,230,40,238,118,?,Z,X
Net27_68_53_count_118.cnf-x41_wcnf_xor_blasted,230,41,238,118,?,Z,X
Net27_68_53_count_118.cnf-x42_wcnf_xor_blasted,230,42,238,118,?,Z,X
Net27_68_53_count_118.cnf-x43_wcnf_xor_blasted,230,43,238,118,?,Z,X
Net27_68_53_count_118.cnf-x44_wcnf_xor_blasted,230,44,238,118,?,Z,X
Net27_68_53_count_118.cnf-x45_wcnf_xor_blasted,230,45,238,118,?,Z,X
Net27_68_53_count_118.cnf-x46_wcnf_xor_blasted,230,46,238,118,?,Z,X
Net27_68_53_count_118.cnf-x47_wcnf_xor_blasted,230,47,238,118,?,Z,X
Net27_68_53_count_118.cnf-x48_wcnf_xor_blasted,230,48,238,118,?,Z,X
Net27_68_53_count_118.cnf-x49_wcnf_xor_blasted,230,49,238,118,?,Z,X
Net27_68_53_count_118.cnf-x4_wcnf_xor_blasted,230,4,238,118,?,Z,X
Net27_68_53_count_118.cnf-x50_wcnf_xor_blasted,230,50,238,118,?,Z,X
Net27_68_53_count_118.cnf-x51_wcnf_xor_blasted,230,51,238,118,?,Z,X
Net27_68_53_count_118.cnf-x52_wcnf_xor_blasted,230,52,238,118,?,Z,X
Net27_68_53_count_118.cnf-x53_wcnf_xor_blasted,230,53,238,118,?,Z,X
Net27_68_53_count_118.cnf-x54_wcnf_xor_blasted,230,54,238,118,?,Z,X
Net27_68_53_count_118.cnf-x55_wcnf_xor_blasted,230,55,238,118,?,Z,X
Net27_68_53_count_118.cnf-x56_wcnf_xor_blasted,230,56,238,118,?,Z,X
Net27_68_53_count_118.cnf-x57_wcnf_xor_blasted,230,57,238,118,?,Z,X
Net27_68_53_count_118.cnf-x58_wcnf_xor_blasted,230,58,238,118,?,Z,X
Net27_68_53_count_118.cnf-x59_wcnf_xor_blasted,230,59,238,118,?,Z,X
Net27_68_53_count_118.cnf-x5_wcnf_xor_blasted,230,5,238,118,?,Z,X
Net27_68_53_count_118.cnf-x60_wcnf_xor_blasted,230,60,238,118,?,Z,X
Net27_68_53_count_118.cnf-x6_wcnf_xor_blasted,230,6,238,118,?,Z,X
Net27_68_53_count_118.cnf-x7_wcnf_xor_blasted,230,7,238,118,?,Z,X
Net27_68_53_count_118.cnf-x8_wcnf_xor_blasted,230,8,238,118,?,Z,X
Net27_68_53_count_118.cnf-x9_wcnf_xor_blasted,230,9,238,118,?,Z,X
Net27_93_64_count_118.cnf-x0_wcnf_xor_blasted,230,0,238,118,?,Z,X
Net27_93_64_count_118.cnf-x10_wcnf_xor_blasted,230,10,238,118,?,Z,X
Net27_93_64_count_118.cnf-x11_wcnf_xor_blasted,230,11,238,118,?,Z,X
Net27_93_64_count_118.cnf-x12_wcnf_xor_blasted,230,12,238,118,?,Z,X
Net27_93_64_count_118.cnf-x13_wcnf_xor_blasted,230,13,238,118,?,Z,X
Net27_93_64_count_118.cnf-x14_wcnf_xor_blasted,230,14,238,118,?,Z,X
Net27_93_64_count_118.cnf-x15_wcnf_xor_blasted,230,15,238,118,?,Z,X
Net27_93_64_count_118.cnf-x16_wcnf_xor_blasted,230,16,238,118,?,Z,X
Net27_93_64_count_118.cnf-x17_wcnf_xor_blasted,230,17,238,118,?,Z,X
Net27_93_64_count_118.cnf-x18_wcnf_xor_blasted,230,18,238,118,?,Z,X
Net27_93_64_count_118.cnf-x19_wcnf_xor_blasted,230,19,238,118,?,Z,X
Net27_93_64_count_118.cnf-x1_wcnf_xor_blasted,230,1,238,118,?,Z,X
Net27_93_64_count_118.cnf-x20_wcnf_xor_blasted,230,20,238,118,?,Z,X
Net27_93_64_count_118.cnf-x21_wcnf_xor_blasted,230,21,238,118,?,Z,X
Net27_93_64_count_118.cnf-x22_wcnf_xor_blasted,230,22,238,118,?,Z,X
Net27_93_64_count_118.cnf-x23_wcnf_xor_blasted,230,23,238,118,?,Z,X
Net27_93_64_count_118.cnf-x24_wcnf_xor_blasted,230,24,238,118,?,Z,X
Net27_93_64_count_118.cnf-x25_wcnf_xor_blasted,230,25,238,118,?,Z,X
Net27_93_64_count_118.cnf-x26_wcnf_xor_blasted,230,26,238,118,?,Z,X
Net27_93_64_count_118.cnf-x27_wcnf_xor_blasted,230,27,238,118,?,Z,X
Net27_93_64_count_118.cnf-x28_wcnf_xor_blasted,230,28,238,118,?,Z,X
Net27_93_64_count_118.cnf-x29_wcnf_xor_blasted,230,29,238,118,?,Z,X
Net27_93_64_count_118.cnf-x2_wcnf_xor_blasted,230,2,238,118,?,Z,X
Net27_93_64_count_118.cnf-x30_wcnf_xor_blasted,230,30,238,118,?,Z,X
Net27_93_64_count_118.cnf-x31_wcnf_xor_blasted,230,31,238,118,?,Z,X
Net27_93_64_count_118.cnf-x32_wcnf_xor_blasted,230,32,238,118,?,Z,X
Net27_93_64_count_118.cnf-x33_wcnf_xor_blasted,230,33,238,118,?,Z,X
Net27_93_64_count_118.cnf-x34_wcnf_xor_blasted,230,34,238,118,?,Z,X
Net27_93_64_count_118.cnf-x35_wcnf_xor_blasted,230,35,238,118,?,Z,X
Net27_93_64_count_118.cnf-x36_wcnf_xor_blasted,230,36,238,118,?,Z,X
Net27_93_64_count_118.cnf-x37_wcnf_xor_blasted,230,37,238,118,?,Z,X
Net27_93_64_count_118.cnf-x38_wcnf_xor_blasted,230,38,238,118,?,Z,X
Net27_93_64_count_118.cnf-x39_wcnf_xor_blasted,230,39,238,118,?,Z,X
Net27_93_64_count_118.cnf-x3_wcnf_xor_blasted,230,3,238,118,?,Z,X
Net27_93_64_count_118.cnf-x40_wcnf_xor_blasted,230,40,238,118,?,Z,X
Net27_93_64_count_118.cnf-x41_wcnf_xor_blasted,230,41,238,118,?,Z,X
Net27_93_64_count_118.cnf-x42_wcnf_xor_blasted,230,42,238,118,?,Z,X
Net27_93_64_count_118.cnf-x43_wcnf_xor_blasted,230,43,238,118,?,Z,X
Net27_93_64_count_118.cnf-x44_wcnf_xor_blasted,230,44,238,118,?,Z,X
Net27_93_64_count_118.cnf-x45_wcnf_xor_blasted,230,45,238,118,?,Z,X
Net27_93_64_count_118.cnf-x46_wcnf_xor_blasted,230,46,238,118,?,Z,X
Net27_93_64_count_118.cnf-x47_wcnf_xor_blasted,230,47,238,118,?,Z,X
Net27_93_64_count_118.cnf-x48_wcnf_xor_blasted,230,48,238,118,?,Z,X
Net27_93_64_count_118.cnf-x49_wcnf_xor_blasted,230,49,238,118,?,Z,X
Net27_93_64_count_118.cnf-x4_wcnf_xor_blasted,230,4,238,118,?,Z,X
Net27_93_64_count_118.cnf-x50_wcnf_xor_blasted,230,50,238,118,?,Z,X
Net27_93_64_count_118.cnf-x51_wcnf_xor_blasted,230,51,238,118,?,Z,X
Net27_93_64_count_118.cnf-x52_wcnf_xor_blasted,230,52,238,118,?,Z,X
Net27_93_64_count_118.cnf-x53_wcnf_xor_blasted,230,53,238,118,?,Z,X
Net27_93_64_count_118.cnf-x54_wcnf_xor_blasted,230,54,238,118,?,Z,X
Net27_93_64_count_118.cnf-x55_wcnf_xor_blasted,230,55,238,118,?,Z,X
Net27_93_64_count_118.cnf-x56_wcnf_xor_blasted,230,56,238,118,?,Z,X
Net27_93_64_count_118.cnf-x57_wcnf_xor_blasted,230,57,238,118,?,Z,X
Net27_93_64_count_118.cnf-x58_wcnf_xor_blasted,230,58,238,118,?,Z,X
Net27_93_64_count_118.cnf-x59_wcnf_xor_blasted,230,59,238,118,?,Z,X
Net27_93_64_count_118.cnf-x5_wcnf_xor_blasted,230,5,238,118,?,Z,X
Net27_93_64_count_118.cnf-x60_wcnf_xor_blasted,230,60,238,118,?,Z,X
Net27_93_64_count_118.cnf-x6_wcnf_xor_blasted,230,6,238,118,?,Z,X
Net27_93_64_count_118.cnf-x7_wcnf_xor_blasted,230,7,238,118,?,Z,X
Net27_93_64_count_118.cnf-x8_wcnf_xor_blasted,230,8,238,118,?,Z,X
Net27_93_64_count_118.cnf-x9_wcnf_xor_blasted,230,9,238,118,?,Z,X
Net27_99_73_count_118.cnf-x0_wcnf_xor_blasted,230,0,238,118,?,Z,X
Net27_99_73_count_118.cnf-x10_wcnf_xor_blasted,230,10,238,118,?,Z,X
Net27_99_73_count_118.cnf-x11_wcnf_xor_blasted,230,11,238,118,?,Z,X
Net27_99_73_count_118.cnf-x12_wcnf_xor_blasted,230,12,238,118,?,Z,X
Net27_99_73_count_118.cnf-x13_wcnf_xor_blasted,230,13,238,118,?,Z,X
Net27_99_73_count_118.cnf-x14_wcnf_xor_blasted,230,14,238,118,?,Z,X
Net27_99_73_count_118.cnf-x15_wcnf_xor_blasted,230,15,238,118,?,Z,X
Net27_99_73_count_118.cnf-x16_wcnf_xor_blasted,230,16,238,118,?,Z,X
Net27_99_73_count_118.cnf-x17_wcnf_xor_blasted,230,17,238,118,?,Z,X
Net27_99_73_count_118.cnf-x18_wcnf_xor_blasted,230,18,238,118,?,Z,X
Net27_99_73_count_118.cnf-x19_wcnf_xor_blasted,230,19,238,118,?,Z,X
Net27_99_73_count_118.cnf-x1_wcnf_xor_blasted,230,1,238,118,?,Z,X
Net27_99_73_count_118.cnf-x20_wcnf_xor_blasted,230,20,238,118,?,Z,X
Net27_99_73_count_118.cnf-x21_wcnf_xor_blasted,230,21,238,118,?,Z,X
Net27_99_73_count_118.cnf-x22_wcnf_xor_blasted,230,22,238,118,?,Z,X
Net27_99_73_count_118.cnf-x23_wcnf_xor_blasted,230,23,238,118,?,Z,X
Net27_99_73_count_118.cnf-x24_wcnf_xor_blasted,230,24,238,118,?,Z,X
Net27_99_73_count_118.cnf-x25_wcnf_xor_blasted,230,25,238,118,?,Z,X
Net27_99_73_count_118.cnf-x26_wcnf_xor_blasted,230,26,238,118,?,Z,X
Net27_99_73_count_118.cnf-x27_wcnf_xor_blasted,230,27,238,118,?,Z,X
Net27_99_73_count_118.cnf-x28_wcnf_xor_blasted,230,28,238,118,?,Z,X
Net27_99_73_count_118.cnf-x29_wcnf_xor_blasted,230,29,238,118,?,Z,X
Net27_99_73_count_118.cnf-x2_wcnf_xor_blasted,230,2,238,118,?,Z,X
Net27_99_73_count_118.cnf-x30_wcnf_xor_blasted,230,30,238,118,?,Z,X
Net27_99_73_count_118.cnf-x31_wcnf_xor_blasted,230,31,238,118,?,Z,X
Net27_99_73_count_118.cnf-x32_wcnf_xor_blasted,230,32,238,118,?,Z,X
Net27_99_73_count_118.cnf-x33_wcnf_xor_blasted,230,33,238,118,?,Z,X
Net27_99_73_count_118.cnf-x34_wcnf_xor_blasted,230,34,238,118,?,Z,X
Net27_99_73_count_118.cnf-x35_wcnf_xor_blasted,230,35,238,118,?,Z,X
Net27_99_73_count_118.cnf-x36_wcnf_xor_blasted,230,36,238,118,?,Z,X
Net27_99_73_count_118.cnf-x37_wcnf_xor_blasted,230,37,238,118,?,Z,X
Net27_99_73_count_118.cnf-x38_wcnf_xor_blasted,230,38,238,118,?,Z,X
Net27_99_73_count_118.cnf-x39_wcnf_xor_blasted,230,39,238,118,?,Z,X
Net27_99_73_count_118.cnf-x3_wcnf_xor_blasted,230,3,238,118,?,Z,X
Net27_99_73_count_118.cnf-x40_wcnf_xor_blasted,230,40,238,118,?,Z,X
Net27_99_73_count_118.cnf-x41_wcnf_xor_blasted,230,41,238,118,?,Z,X
Net27_99_73_count_118.cnf-x42_wcnf_xor_blasted,230,42,238,118,?,Z,X
Net27_99_73_count_118.cnf-x43_wcnf_xor_blasted,230,43,238,118,?,Z,X
Net27_99_73_count_118.cnf-x44_wcnf_xor_blasted,230,44,238,118,?,Z,X
Net27_99_73_count_118.cnf-x45_wcnf_xor_blasted,230,45,238,118,?,Z,X
Net27_99_73_count_118.cnf-x46_wcnf_xor_blasted,230,46,238,118,?,Z,X
Net27_99_73_count_118.cnf-x47_wcnf_xor_blasted,230,47,238,118,?,Z,X
Net27_99_73_count_118.cnf-x48_wcnf_xor_blasted,230,48,238,118,?,Z,X
Net27_99_73_count_118.cnf-x49_wcnf_xor_blasted,230,49,238,118,?,Z,X
Net27_99_73_count_118.cnf-x4_wcnf_xor_blasted,230,4,238,118,?,Z,X
Net27_99_73_count_118.cnf-x50_wcnf_xor_blasted,230,50,238,118,?,Z,X
Net27_99_73_count_118.cnf-x51_wcnf_xor_blasted,230,51,238,118,?,Z,X
Net27_99_73_count_118.cnf-x52_wcnf_xor_blasted,230,52,238,118,?,Z,X
Net27_99_73_count_118.cnf-x53_wcnf_xor_blasted,230,53,238,118,?,Z,X
Net27_99_73_count_118.cnf-x54_wcnf_xor_blasted,230,54,238,118,?,Z,X
Net27_99_73_count_118.cnf-x55_wcnf_xor_blasted,230,55,238,118,?,Z,X
Net27_99_73_count_118.cnf-x56_wcnf_xor_blasted,230,56,238,118,?,Z,X
Net27_99_73_count_118.cnf-x57_wcnf_xor_blasted,230,57,238,118,?,Z,X
Net27_99_73_count_118.cnf-x58_wcnf_xor_blasted,230,58,238,118,?,Z,X
Net27_99_73_count_118.cnf-x59_wcnf_xor_blasted,230,59,238,118,?,Z,X
Net27_99_73_count_118.cnf-x5_wcnf_xor_blasted,230,5,238,118,?,Z,X
Net27_99_73_count_118.cnf-x60_wcnf_xor_blasted,230,60,238,118,?,Z,X
Net27_99_73_count_118.cnf-x6_wcnf_xor_blasted,230,6,238,118,?,Z,X
Net27_99_73_count_118.cnf-x7_wcnf_xor_blasted,230,7,238,118,?,Z,X
Net27_99_73_count_118.cnf-x8_wcnf_xor_blasted,230,8,238,118,?,Z,X
Net27_99_73_count_118.cnf-x9_wcnf_xor_blasted,230,9,238,118,?,Z,X
Net29_47_21_count_164.cnf-x0_wcnf_xor_blasted,280,0,330,164,?,Z,X
Net29_47_21_count_164.cnf-x10_wcnf_xor_blasted,280,10,330,164,?,Z,X
Net29_47_21_count_164.cnf-x11_wcnf_xor_blasted,280,11,330,164,?,Z,X
Net29_47_21_count_164.cnf-x12_wcnf_xor_blasted,280,12,330,164,?,Z,X
Net29_47_21_count_164.cnf-x13_wcnf_xor_blasted,280,13,330,164,?,Z,X
Net29_47_21_count_164.cnf-x14_wcnf_xor_blasted,280,14,330,164,?,Z,X
Net29_47_21_count_164.cnf-x15_wcnf_xor_blasted,280,15,330,164,?,Z,X
Net29_47_21_count_164.cnf-x16_wcnf_xor_blasted,280,16,330,164,?,Z,X
Net29_47_21_count_164.cnf-x17_wcnf_xor_blasted,280,17,330,164,?,Z,X
Net29_47_21_count_164.cnf-x18_wcnf_xor_blasted,280,18,330,164,?,Z,X
Net29_47_21_count_164.cnf-x19_wcnf_xor_blasted,280,19,330,164,?,Z,X
Net29_47_21_count_164.cnf-x1_wcnf_xor_blasted,280,1,330,164,?,Z,X
Net29_47_21_count_164.cnf-x20_wcnf_xor_blasted,280,20,330,164,?,Z,X
Net29_47_21_count_164.cnf-x21_wcnf_xor_blasted,280,21,330,164,?,Z,X
Net29_47_21_count_164.cnf-x22_wcnf_xor_blasted,280,22,330,164,?,Z,X
Net29_47_21_count_164.cnf-x23_wcnf_xor_blasted,280,23,330,164,?,Z,X
Net29_47_21_count_164.cnf-x24_wcnf_xor_blasted,280,24,330,164,?,Z,X
Net29_47_21_count_164.cnf-x25_wcnf_xor_blasted,280,25,330,164,?,Z,X
Net29_47_21_count_164.cnf-x26_wcnf_xor_blasted,280,26,330,164,?,Z,X
Net29_47_21_count_164.cnf-x27_wcnf_xor_blasted,280,27,330,164,?,Z,X
Net29_47_21_count_164.cnf-x28_wcnf_xor_blasted,280,28,330,164,?,Z,X
Net29_47_21_count_164.cnf-x29_wcnf_xor_blasted,280,29,330,164,?,Z,X
Net29_47_21_count_164.cnf-x2_wcnf_xor_blasted,280,2,330,164,?,Z,X
Net29_47_21_count_164.cnf-x30_wcnf_xor_blasted,280,30,330,164,?,Z,X
Net29_47_21_count_164.cnf-x31_wcnf_xor_blasted,280,31,330,164,?,Z,X
Net29_47_21_count_164.cnf-x32_wcnf_xor_blasted,280,32,330,164,?,Z,X
Net29_47_21_count_164.cnf-x33_wcnf_xor_blasted,280,33,330,164,?,Z,X
Net29_47_21_count_164.cnf-x34_wcnf_xor_blasted,280,34,330,164,?,Z,X
Net29_47_21_count_164.cnf-x35_wcnf_xor_blasted,280,35,330,164,?,Z,X
Net29_47_21_count_164.cnf-x36_wcnf_xor_blasted,280,36,330,164,?,Z,X
Net29_47_21_count_164.cnf-x37_wcnf_xor_blasted,280,37,330,164,?,Z,X
Net29_47_21_count_164.cnf-x38_wcnf_xor_blasted,280,38,330,164,?,Z,X
Net29_47_21_count_164.cnf-x39_wcnf_xor_blasted,280,39,330,164,?,Z,X
Net29_47_21_count_164.cnf-x3_wcnf_xor_blasted,280,3,330,164,?,Z,X
Net29_47_21_count_164.cnf-x40_wcnf_xor_blasted,280,40,330,164,?,Z,X
Net29_47_21_count_164.cnf-x41_wcnf_xor_blasted,280,41,330,164,?,Z,X
Net29_47_21_count_164.cnf-x42_wcnf_xor_blasted,280,42,330,164,?,Z,X
Net29_47_21_count_164.cnf-x43_wcnf_xor_blasted,280,43,330,164,?,Z,X
Net29_47_21_count_164.cnf-x44_wcnf_xor_blasted,280,44,330,164,?,Z,X
Net29_47_21_count_164.cnf-x45_wcnf_xor_blasted,280,45,330,164,?,Z,X
Net29_47_21_count_164.cnf-x46_wcnf_xor_blasted,280,46,330,164,?,Z,X
Net29_47_21_count_164.cnf-x47_wcnf_xor_blasted,280,47,330,164,?,Z,X
Net29_47_21_count_164.cnf-x48_wcnf_xor_blasted,280,48,330,164,?,Z,X
Net29_47_21_count_164.cnf-x49_wcnf_xor_blasted,280,49,330,164,?,Z,X
Net29_47_21_count_164.cnf-x4_wcnf_xor_blasted,280,4,330,164,?,Z,X
Net29_47_21_count_164.cnf-x50_wcnf_xor_blasted,280,50,330,164,?,Z,X
Net29_47_21_count_164.cnf-x51_wcnf_xor_blasted,280,51,330,164,?,Z,X
Net29_47_21_count_164.cnf-x52_wcnf_xor_blasted,280,52,330,164,?,Z,X
Net29_47_21_count_164.cnf-x53_wcnf_xor_blasted,280,53,330,164,?,Z,X
Net29_47_21_count_164.cnf-x54_wcnf_xor_blasted,280,54,330,164,?,Z,X
Net29_47_21_count_164.cnf-x55_wcnf_xor_blasted,280,55,330,164,?,Z,X
Net29_47_21_count_164.cnf-x56_wcnf_xor_blasted,280,56,330,164,?,Z,X
Net29_47_21_count_164.cnf-x57_wcnf_xor_blasted,280,57,330,164,?,Z,X
Net29_47_21_count_164.cnf-x58_wcnf_xor_blasted,280,58,330,164,?,Z,X
Net29_47_21_count_164.cnf-x59_wcnf_xor_blasted,280,59,330,164,?,Z,X
Net29_47_21_count_164.cnf-x5_wcnf_xor_blasted,280,5,330,164,?,Z,X
Net29_47_21_count_164.cnf-x60_wcnf_xor_blasted,280,60,330,164,?,Z,X
Net29_47_21_count_164.cnf-x6_wcnf_xor_blasted,280,6,330,164,?,Z,X
Net29_47_21_count_164.cnf-x7_wcnf_xor_blasted,280,7,330,164,?,Z,X
Net29_47_21_count_164.cnf-x8_wcnf_xor_blasted,280,8,330,164,?,Z,X
Net29_47_21_count_164.cnf-x9_wcnf_xor_blasted,280,9,330,164,?,Z,X
Net29_52_2_count_164.cnf-x0_wcnf_xor_blasted,280,0,330,164,SAT,0.00,0.00
Net29_52_2_count_164.cnf-x10_wcnf_xor_blasted,280,10,330,164,SAT,31.95,2.86
Net29_52_2_count_164.cnf-x11_wcnf_xor_blasted,280,11,330,164,SAT,242.05,8.73
Net29_52_2_count_164.cnf-x12_wcnf_xor_blasted,280,12,330,164,SAT,879.38,24.22
Net29_52_2_count_164.cnf-x13_wcnf_xor_blasted,280,13,330,164,SAT,284.74,42.24
Net29_52_2_count_164.cnf-x14_wcnf_xor_blasted,280,14,330,164,SAT,1055.26,46.08
Net29_52_2_count_164.cnf-x15_wcnf_xor_blasted,280,15,330,164,SAT,Z,283.62
Net29_52_2_count_164.cnf-x16_wcnf_xor_blasted,280,16,330,164,SAT,100.86,112.91
Net29_52_2_count_164.cnf-x17_wcnf_xor_blasted,280,17,330,164,SAT,Z,202.62
Net29_52_2_count_164.cnf-x18_wcnf_xor_blasted,280,18,330,164,SAT,Z,305.55
Net29_52_2_count_164.cnf-x19_wcnf_xor_blasted,280,19,330,164,SAT,Z,306.62
Net29_52_2_count_164.cnf-x1_wcnf_xor_blasted,280,1,330,164,SAT,0.02,0.02
Net29_52_2_count_164.cnf-x20_wcnf_xor_blasted,280,20,330,164,SAT,Z,621.38
Net29_52_2_count_164.cnf-x21_wcnf_xor_blasted,280,21,330,164,?,Z,X
Net29_52_2_count_164.cnf-x22_wcnf_xor_blasted,280,22,330,164,?,Z,X
Net29_52_2_count_164.cnf-x23_wcnf_xor_blasted,280,23,330,164,?,Z,X
Net29_52_2_count_164.cnf-x24_wcnf_xor_blasted,280,24,330,164,?,Z,X
Net29_52_2_count_164.cnf-x25_wcnf_xor_blasted,280,25,330,164,?,Z,X
Net29_52_2_count_164.cnf-x26_wcnf_xor_blasted,280,26,330,164,?,Z,X
Net29_52_2_count_164.cnf-x27_wcnf_xor_blasted,280,27,330,164,SAT,Z,3926.48
Net29_52_2_count_164.cnf-x28_wcnf_xor_blasted,280,28,330,164,SAT,Z,4314.46
Net29_52_2_count_164.cnf-x29_wcnf_xor_blasted,280,29,330,164,SAT,Z,3982.96
Net29_52_2_count_164.cnf-x2_wcnf_xor_blasted,280,2,330,164,SAT,0.19,0.18
Net29_52_2_count_164.cnf-x30_wcnf_xor_blasted,280,30,330,164,SAT,Z,4690.52
Net29_52_2_count_164.cnf-x31_wcnf_xor_blasted,280,31,330,164,SAT,Z,3624.61
Net29_52_2_count_164.cnf-x32_wcnf_xor_blasted,280,32,330,164,SAT,Z,4500.27
Net29_52_2_count_164.cnf-x33_wcnf_xor_blasted,280,33,330,164,SAT,Z,2444.84
Net29_52_2_count_164.cnf-x34_wcnf_xor_blasted,280,34,330,164,SAT,Z,3228.49
Net29_52_2_count_164.cnf-x35_wcnf_xor_blasted,280,35,330,164,SAT,Z,2838.73
Net29_52_2_count_164.cnf-x36_wcnf_xor_blasted,280,36,330,164,SAT,Z,4385.88
Net29_52_2_count_164.cnf-x37_wcnf_xor_blasted,280,37,330,164,SAT,Z,2485.82
Net29_52_2_count_164.cnf-x38_wcnf_xor_blasted,280,38,330,164,?,Z,X
Net29_52_2_count_164.cnf-x39_wcnf_xor_blasted,280,39,330,164,SAT,Z,4316.27
Net29_52_2_count_164.cnf-x3_wcnf_xor_blasted,280,3,330,164,SAT,0.27,0.28
Net29_52_2_count_164.cnf-x40_wcnf_xor_blasted,280,40,330,164,SAT,Z,2606.90
Net29_52_2_count_164.cnf-x41_wcnf_xor_blasted,280,41,330,164,SAT,Z,3155.69
Net29_52_2_count_164.cnf-x42_wcnf_xor_blasted,280,42,330,164,SAT,Z,2696.91
Net29_52_2_count_164.cnf-x43_wcnf_xor_blasted,280,43,330,164,SAT,Z,2787.82
Net29_52_2_count_164.cnf-x44_wcnf_xor_blasted,280,44,330,164,?,Z,X
Net29_52_2_count_164.cnf-x45_wcnf_xor_blasted,280,45,330,164,SAT,Z,2219.80
Net29_52_2_count_164.cnf-x46_wcnf_xor_blasted,280,46,330,164,SAT,Z,2212.14
Net29_52_2_count_164.cnf-x47_wcnf_xor_blasted,280,47,330,164,SAT,Z,2855.91
Net29_52_2_count_164.cnf-x48_wcnf_xor_blasted,280,48,330,164,SAT,Z,2280.49
Net29_52_2_count_164.cnf-x49_wcnf_xor_blasted,280,49,330,164,SAT,Z,2917.45
Net29_52_2_count_164.cnf-x4_wcnf_xor_blasted,280,4,330,164,SAT,1.70,1.66
Net29_52_2_count_164.cnf-x50_wcnf_xor_blasted,280,50,330,164,SAT,Z,3104.52
Net29_52_2_count_164.cnf-x51_wcnf_xor_blasted,280,51,330,164,SAT,Z,3117.14
Net29_52_2_count_164.cnf-x52_wcnf_xor_blasted,280,52,330,164,SAT,Z,2953.28
Net29_52_2_count_164.cnf-x53_wcnf_xor_blasted,280,53,330,164,?,Z,X
Net29_52_2_count_164.cnf-x54_wcnf_xor_blasted,280,54,330,164,?,Z,X
Net29_52_2_count_164.cnf-x55_wcnf_xor_blasted,280,55,330,164,?,Z,X
Net29_52_2_count_164.cnf-x56_wcnf_xor_blasted,280,56,330,164,?,Z,X
Net29_52_2_count_164.cnf-x57_wcnf_xor_blasted,280,57,330,164,?,Z,X
Net29_52_2_count_164.cnf-x58_wcnf_xor_blasted,280,58,330,164,SAT,Z,3237.92
Net29_52_2_count_164.cnf-x59_wcnf_xor_blasted,280,59,330,164,?,Z,X
Net29_52_2_count_164.cnf-x5_wcnf_xor_blasted,280,5,330,164,SAT,2.21,0.92
Net29_52_2_count_164.cnf-x60_wcnf_xor_blasted,280,60,330,164,SAT,Z,2575.12
Net29_52_2_count_164.cnf-x6_wcnf_xor_blasted,280,6,330,164,SAT,4.36,1.36
Net29_52_2_count_164.cnf-x7_wcnf_xor_blasted,280,7,330,164,SAT,7.07,3.12
Net29_52_2_count_164.cnf-x8_wcnf_xor_blasted,280,8,330,164,SAT,4.65,0.66
Net29_52_2_count_164.cnf-x9_wcnf_xor_blasted,280,9,330,164,SAT,9.37,4.27
Net29_74_12_count_164.cnf-x0_wcnf_xor_blasted,280,0,330,164,?,Z,X
Net29_74_12_count_164.cnf-x10_wcnf_xor_blasted,280,10,330,164,?,Z,X
Net29_74_12_count_164.cnf-x11_wcnf_xor_blasted,280,11,330,164,?,Z,X
Net29_74_12_count_164.cnf-x12_wcnf_xor_blasted,280,12,330,164,?,Z,X
Net29_74_12_count_164.cnf-x13_wcnf_xor_blasted,280,13,330,164,?,Z,X
Net29_74_12_count_164.cnf-x14_wcnf_xor_blasted,280,14,330,164,?,Z,X
Net29_74_12_count_164.cnf-x15_wcnf_xor_blasted,280,15,330,164,?,Z,X
Net29_74_12_count_164.cnf-x16_wcnf_xor_blasted,280,16,330,164,?,Z,X
Net29_74_12_count_164.cnf-x17_wcnf_xor_blasted,280,17,330,164,?,Z,X
Net29_74_12_count_164.cnf-x18_wcnf_xor_blasted,280,18,330,164,?,Z,X
Net29_74_12_count_164.cnf-x19_wcnf_xor_blasted,280,19,330,164,?,Z,X
Net29_74_12_count_164.cnf-x1_wcnf_xor_blasted,280,1,330,164,?,Z,X
Net29_74_12_count_164.cnf-x20_wcnf_xor_blasted,280,20,330,164,?,Z,X
Net29_74_12_count_164.cnf-x21_wcnf_xor_blasted,280,21,330,164,?,Z,X
Net29_74_12_count_164.cnf-x22_wcnf_xor_blasted,280,22,330,164,?,Z,X
Net29_74_12_count_164.cnf-x23_wcnf_xor_blasted,280,23,330,164,?,Z,X
Net29_74_12_count_164.cnf-x24_wcnf_xor_blasted,280,24,330,164,?,Z,X
Net29_74_12_count_164.cnf-x25_wcnf_xor_blasted,280,25,330,164,?,Z,X
Net29_74_12_count_164.cnf-x26_wcnf_xor_blasted,280,26,330,164,?,Z,X
Net29_74_12_count_164.cnf-x27_wcnf_xor_blasted,280,27,330,164,?,Z,X
Net29_74_12_count_164.cnf-x28_wcnf_xor_blasted,280,28,330,164,?,Z,X
Net29_74_12_count_164.cnf-x29_wcnf_xor_blasted,280,29,330,164,?,Z,X
Net29_74_12_count_164.cnf-x2_wcnf_xor_blasted,280,2,330,164,?,Z,X
Net29_74_12_count_164.cnf-x30_wcnf_xor_blasted,280,30,330,164,?,Z,X
Net29_74_12_count_164.cnf-x31_wcnf_xor_blasted,280,31,330,164,?,Z,X
Net29_74_12_count_164.cnf-x32_wcnf_xor_blasted,280,32,330,164,?,Z,X
Net29_74_12_count_164.cnf-x33_wcnf_xor_blasted,280,33,330,164,?,Z,X
Net29_74_12_count_164.cnf-x34_wcnf_xor_blasted,280,34,330,164,?,Z,X
Net29_74_12_count_164.cnf-x35_wcnf_xor_blasted,280,35,330,164,?,Z,X
Net29_74_12_count_164.cnf-x36_wcnf_xor_blasted,280,36,330,164,?,Z,X
Net29_74_12_count_164.cnf-x37_wcnf_xor_blasted,280,37,330,164,?,Z,X
Net29_74_12_count_164.cnf-x38_wcnf_xor_blasted,280,38,330,164,?,Z,X
Net29_74_12_count_164.cnf-x39_wcnf_xor_blasted,280,39,330,164,?,Z,X
Net29_74_12_count_164.cnf-x3_wcnf_xor_blasted,280,3,330,164,?,Z,X
Net29_74_12_count_164.cnf-x40_wcnf_xor_blasted,280,40,330,164,?,Z,X
Net29_74_12_count_164.cnf-x41_wcnf_xor_blasted,280,41,330,164,?,Z,X
Net29_74_12_count_164.cnf-x42_wcnf_xor_blasted,280,42,330,164,?,Z,X
Net29_74_12_count_164.cnf-x43_wcnf_xor_blasted,280,43,330,164,?,Z,X
Net29_74_12_count_164.cnf-x44_wcnf_xor_blasted,280,44,330,164,?,Z,X
Net29_74_12_count_164.cnf-x45_wcnf_xor_blasted,280,45,330,164,?,Z,X
Net29_74_12_count_164.cnf-x46_wcnf_xor_blasted,280,46,330,164,?,Z,X
Net29_74_12_count_164.cnf-x47_wcnf_xor_blasted,280,47,330,164,?,Z,X
Net29_74_12_count_164.cnf-x48_wcnf_xor_blasted,280,48,330,164,?,Z,X
Net29_74_12_count_164.cnf-x49_wcnf_xor_blasted,280,49,330,164,?,Z,X
Net29_74_12_count_164.cnf-x4_wcnf_xor_blasted,280,4,330,164,?,Z,X
Net29_74_12_count_164.cnf-x50_wcnf_xor_blasted,280,50,330,164,?,Z,X
Net29_74_12_count_164.cnf-x51_wcnf_xor_blasted,280,51,330,164,?,Z,X
Net29_74_12_count_164.cnf-x52_wcnf_xor_blasted,280,52,330,164,?,Z,X
Net29_74_12_count_164.cnf-x53_wcnf_xor_blasted,280,53,330,164,?,Z,X
Net29_74_12_count_164.cnf-x54_wcnf_xor_blasted,280,54,330,164,?,Z,X
Net29_74_12_count_164.cnf-x55_wcnf_xor_blasted,280,55,330,164,?,Z,X
Net29_74_12_count_164.cnf-x56_wcnf_xor_blasted,280,56,330,164,?,Z,X
Net29_74_12_count_164.cnf-x57_wcnf_xor_blasted,280,57,330,164,?,Z,X
Net29_74_12_count_164.cnf-x58_wcnf_xor_blasted,280,58,330,164,?,Z,X
Net29_74_12_count_164.cnf-x59_wcnf_xor_blasted,280,59,330,164,?,Z,X
Net29_74_12_count_164.cnf-x5_wcnf_xor_blasted,280,5,330,164,?,Z,X
Net29_74_12_count_164.cnf-x60_wcnf_xor_blasted,280,60,330,164,?,Z,X
Net29_74_12_count_164.cnf-x6_wcnf_xor_blasted,280,6,330,164,?,Z,X
Net29_74_12_count_164.cnf-x7_wcnf_xor_blasted,280,7,330,164,?,Z,X
Net29_74_12_count_164.cnf-x8_wcnf_xor_blasted,280,8,330,164,?,Z,X
Net29_74_12_count_164.cnf-x9_wcnf_xor_blasted,280,9,330,164,?,Z,X
Net3_51_19_count_65.cnf-x0_wcnf_xor_blasted,117,0,132,65,SAT,0.00,0.00
Net3_51_19_count_65.cnf-x10_wcnf_xor_blasted,117,10,132,65,SAT,31.12,3.15
Net3_51_19_count_65.cnf-x11_wcnf_xor_blasted,117,11,132,65,SAT,123.40,2.41
Net3_51_19_count_65.cnf-x12_wcnf_xor_blasted,117,12,132,65,SAT,162.78,4.88
Net3_51_19_count_65.cnf-x13_wcnf_xor_blasted,117,13,132,65,SAT,333.36,13.69
Net3_51_19_count_65.cnf-x14_wcnf_xor_blasted,117,14,132,65,SAT,337.00,111.99
Net3_51_19_count_65.cnf-x15_wcnf_xor_blasted,117,15,132,65,SAT,410.03,97.36
Net3_51_19_count_65.cnf-x16_wcnf_xor_blasted,117,16,132,65,SAT,368.20,74.66
Net3_51_19_count_65.cnf-x17_wcnf_xor_blasted,117,17,132,65,SAT,562.27,107.47
Net3_51_19_count_65.cnf-x18_wcnf_xor_blasted,117,18,132,65,SAT,895.88,970.15
Net3_51_19_count_65.cnf-x19_wcnf_xor_blasted,117,19,132,65,SAT,1492.15,508.64
Net3_51_19_count_65.cnf-x1_wcnf_xor_blasted,117,1,132,65,SAT,0.00,0.01
Net3_51_19_count_65.cnf-x20_wcnf_xor_blasted,117,20,132,65,SAT,2705.04,936.82
Net3_51_19_count_65.cnf-x21_wcnf_xor_blasted,117,21,132,65,SAT,2652.90,671.09
Net3_51_19_count_65.cnf-x22_wcnf_xor_blasted,117,22,132,65,SAT,2546.15,1087.66
Net3_51_19_count_65.cnf-x23_wcnf_xor_blasted,117,23,132,65,SAT,Z,884.67
Net3_51_19_count_65.cnf-x24_wcnf_xor_blasted,117,24,132,65,SAT,Z,469.67
Net3_51_19_count_65.cnf-x25_wcnf_xor_blasted,117,25,132,65,SAT,Z,546.43
Net3_51_19_count_65.cnf-x26_wcnf_xor_blasted,117,26,132,65,?,Z,X
Net3_51_19_count_65.cnf-x27_wcnf_xor_blasted,117,27,132,65,?,Z,X
Net3_51_19_count_65.cnf-x28_wcnf_xor_blasted,117,28,132,65,?,Z,X
Net3_51_19_count_65.cnf-x29_wcnf_xor_blasted,117,29,132,65,?,Z,X
Net3_51_19_count_65.cnf-x2_wcnf_xor_blasted,117,2,132,65,SAT,0.01,0.00
Net3_51_19_count_65.cnf-x30_wcnf_xor_blasted,117,30,132,65,?,Z,X
Net3_51_19_count_65.cnf-x31_wcnf_xor_blasted,117,31,132,65,?,Z,X
Net3_51_19_count_65.cnf-x32_wcnf_xor_blasted,117,32,132,65,?,Z,X
Net3_51_19_count_65.cnf-x33_wcnf_xor_blasted,117,33,132,65,?,Z,X
Net3_51_19_count_65.cnf-x34_wcnf_xor_blasted,117,34,132,65,?,Z,X
Net3_51_19_count_65.cnf-x35_wcnf_xor_blasted,117,35,132,65,?,Z,X
Net3_51_19_count_65.cnf-x36_wcnf_xor_blasted,117,36,132,65,?,Z,X
Net3_51_19_count_65.cnf-x37_wcnf_xor_blasted,117,37,132,65,?,Z,X
Net3_51_19_count_65.cnf-x38_wcnf_xor_blasted,117,38,132,65,?,Z,X
Net3_51_19_count_65.cnf-x39_wcnf_xor_blasted,117,39,132,65,?,Z,X
Net3_51_19_count_65.cnf-x3_wcnf_xor_blasted,117,3,132,65,SAT,0.01,0.01
Net3_51_19_count_65.cnf-x40_wcnf_xor_blasted,117,40,132,65,?,Z,X
Net3_51_19_count_65.cnf-x41_wcnf_xor_blasted,117,41,132,65,?,Z,X
Net3_51_19_count_65.cnf-x42_wcnf_xor_blasted,117,42,132,65,?,Z,X
Net3_51_19_count_65.cnf-x43_wcnf_xor_blasted,117,43,132,65,?,Z,X
Net3_51_19_count_65.cnf-x44_wcnf_xor_blasted,117,44,132,65,?,Z,X
Net3_51_19_count_65.cnf-x45_wcnf_xor_blasted,117,45,132,65,?,Z,X
Net3_51_19_count_65.cnf-x46_wcnf_xor_blasted,117,46,132,65,?,Z,X
Net3_51_19_count_65.cnf-x47_wcnf_xor_blasted,117,47,132,65,?,Z,X
Net3_51_19_count_65.cnf-x48_wcnf_xor_blasted,117,48,132,65,?,Z,X
Net3_51_19_count_65.cnf-x49_wcnf_xor_blasted,117,49,132,65,?,Z,X
Net3_51_19_count_65.cnf-x4_wcnf_xor_blasted,117,4,132,65,SAT,0.20,0.20
Net3_51_19_count_65.cnf-x50_wcnf_xor_blasted,117,50,132,65,?,Z,X
Net3_51_19_count_65.cnf-x51_wcnf_xor_blasted,117,51,132,65,?,Z,X
Net3_51_19_count_65.cnf-x52_wcnf_xor_blasted,117,52,132,65,?,Z,X
Net3_51_19_count_65.cnf-x53_wcnf_xor_blasted,117,53,132,65,?,Z,X
Net3_51_19_count_65.cnf-x54_wcnf_xor_blasted,117,54,132,65,?,Z,X
Net3_51_19_count_65.cnf-x55_wcnf_xor_blasted,117,55,132,65,?,Z,X
Net3_51_19_count_65.cnf-x56_wcnf_xor_blasted,117,56,132,65,?,Z,X
Net3_51_19_count_65.cnf-x57_wcnf_xor_blasted,117,57,132,65,?,Z,X
Net3_51_19_count_65.cnf-x58_wcnf_xor_blasted,117,58,132,65,?,Z,X
Net3_51_19_count_65.cnf-x59_wcnf_xor_blasted,117,59,132,65,?,Z,X
Net3_51_19_count_65.cnf-x5_wcnf_xor_blasted,117,5,132,65,SAT,0.80,0.15
Net3_51_19_count_65.cnf-x60_wcnf_xor_blasted,117,60,132,65,?,Z,X
Net3_51_19_count_65.cnf-x6_wcnf_xor_blasted,117,6,132,65,SAT,2.25,0.29
Net3_51_19_count_65.cnf-x7_wcnf_xor_blasted,117,7,132,65,SAT,7.79,0.28
Net3_51_19_count_65.cnf-x8_wcnf_xor_blasted,117,8,132,65,SAT,8.02,0.30
Net3_51_19_count_65.cnf-x9_wcnf_xor_blasted,117,9,132,65,SAT,29.97,3.02
Net4_25_18_count_69.cnf-x0_wcnf_xor_blasted,126,0,140,69,?,Z,X
Net4_25_18_count_69.cnf-x10_wcnf_xor_blasted,126,10,140,69,?,Z,X
Net4_25_18_count_69.cnf-x11_wcnf_xor_blasted,126,11,140,69,?,Z,X
Net4_25_18_count_69.cnf-x12_wcnf_xor_blasted,126,12,140,69,?,Z,X
Net4_25_18_count_69.cnf-x13_wcnf_xor_blasted,126,13,140,69,?,Z,X
Net4_25_18_count_69.cnf-x14_wcnf_xor_blasted,126,14,140,69,?,Z,X
Net4_25_18_count_69.cnf-x15_wcnf_xor_blasted,126,15,140,69,?,Z,X
Net4_25_18_count_69.cnf-x16_wcnf_xor_blasted,126,16,140,69,?,Z,X
Net4_25_18_count_69.cnf-x17_wcnf_xor_blasted,126,17,140,69,?,Z,X
Net4_25_18_count_69.cnf-x18_wcnf_xor_blasted,126,18,140,69,?,Z,X
Net4_25_18_count_69.cnf-x19_wcnf_xor_blasted,126,19,140,69,?,Z,X
Net4_25_18_count_69.cnf-x1_wcnf_xor_blasted,126,1,140,69,?,Z,X
Net4_25_18_count_69.cnf-x20_wcnf_xor_blasted,126,20,140,69,?,Z,X
Net4_25_18_count_69.cnf-x21_wcnf_xor_blasted,126,21,140,69,?,Z,X
Net4_25_18_count_69.cnf-x22_wcnf_xor_blasted,126,22,140,69,?,Z,X
Net4_25_18_count_69.cnf-x23_wcnf_xor_blasted,126,23,140,69,?,Z,X
Net4_25_18_count_69.cnf-x24_wcnf_xor_blasted,126,24,140,69,?,Z,X
Net4_25_18_count_69.cnf-x25_wcnf_xor_blasted,126,25,140,69,?,Z,X
Net4_25_18_count_69.cnf-x26_wcnf_xor_blasted,126,26,140,69,?,Z,X
Net4_25_18_count_69.cnf-x27_wcnf_xor_blasted,126,27,140,69,?,Z,X
Net4_25_18_count_69.cnf-x28_wcnf_xor_blasted,126,28,140,69,?,Z,X
Net4_25_18_count_69.cnf-x29_wcnf_xor_blasted,126,29,140,69,?,Z,X
Net4_25_18_count_69.cnf-x2_wcnf_xor_blasted,126,2,140,69,?,Z,X
Net4_25_18_count_69.cnf-x30_wcnf_xor_blasted,126,30,140,69,?,Z,X
Net4_25_18_count_69.cnf-x31_wcnf_xor_blasted,126,31,140,69,?,Z,X
Net4_25_18_count_69.cnf-x32_wcnf_xor_blasted,126,32,140,69,?,Z,X
Net4_25_18_count_69.cnf-x33_wcnf_xor_blasted,126,33,140,69,?,Z,X
Net4_25_18_count_69.cnf-x34_wcnf_xor_blasted,126,34,140,69,?,Z,X
Net4_25_18_count_69.cnf-x35_wcnf_xor_blasted,126,35,140,69,?,Z,X
Net4_25_18_count_69.cnf-x36_wcnf_xor_blasted,126,36,140,69,?,Z,X
Net4_25_18_count_69.cnf-x37_wcnf_xor_blasted,126,37,140,69,?,Z,X
Net4_25_18_count_69.cnf-x38_wcnf_xor_blasted,126,38,140,69,?,Z,X
Net4_25_18_count_69.cnf-x39_wcnf_xor_blasted,126,39,140,69,?,Z,X
Net4_25_18_count_69.cnf-x3_wcnf_xor_blasted,126,3,140,69,?,Z,X
Net4_25_18_count_69.cnf-x40_wcnf_xor_blasted,126,40,140,69,?,Z,X
Net4_25_18_count_69.cnf-x41_wcnf_xor_blasted,126,41,140,69,?,Z,X
Net4_25_18_count_69.cnf-x42_wcnf_xor_blasted,126,42,140,69,?,Z,X
Net4_25_18_count_69.cnf-x43_wcnf_xor_blasted,126,43,140,69,?,Z,X
Net4_25_18_count_69.cnf-x44_wcnf_xor_blasted,126,44,140,69,?,Z,X
Net4_25_18_count_69.cnf-x45_wcnf_xor_blasted,126,45,140,69,?,Z,X
Net4_25_18_count_69.cnf-x46_wcnf_xor_blasted,126,46,140,69,?,Z,X
Net4_25_18_count_69.cnf-x47_wcnf_xor_blasted,126,47,140,69,?,Z,X
Net4_25_18_count_69.cnf-x48_wcnf_xor_blasted,126,48,140,69,?,Z,X
Net4_25_18_count_69.cnf-x49_wcnf_xor_blasted,126,49,140,69,?,Z,X
Net4_25_18_count_69.cnf-x4_wcnf_xor_blasted,126,4,140,69,?,Z,X
Net4_25_18_count_69.cnf-x50_wcnf_xor_blasted,126,50,140,69,?,Z,X
Net4_25_18_count_69.cnf-x51_wcnf_xor_blasted,126,51,140,69,?,Z,X
Net4_25_18_count_69.cnf-x52_wcnf_xor_blasted,126,52,140,69,?,Z,X
Net4_25_18_count_69.cnf-x53_wcnf_xor_blasted,126,53,140,69,?,Z,X
Net4_25_18_count_69.cnf-x54_wcnf_xor_blasted,126,54,140,69,?,Z,X
Net4_25_18_count_69.cnf-x55_wcnf_xor_blasted,126,55,140,69,?,Z,X
Net4_25_18_count_69.cnf-x56_wcnf_xor_blasted,126,56,140,69,?,Z,X
Net4_25_18_count_69.cnf-x57_wcnf_xor_blasted,126,57,140,69,?,Z,X
Net4_25_18_count_69.cnf-x58_wcnf_xor_blasted,126,58,140,69,?,Z,X
Net4_25_18_count_69.cnf-x59_wcnf_xor_blasted,126,59,140,69,?,Z,X
Net4_25_18_count_69.cnf-x5_wcnf_xor_blasted,126,5,140,69,?,Z,X
Net4_25_18_count_69.cnf-x60_wcnf_xor_blasted,126,60,140,69,?,Z,X
Net4_25_18_count_69.cnf-x6_wcnf_xor_blasted,126,6,140,69,?,Z,X
Net4_25_18_count_69.cnf-x7_wcnf_xor_blasted,126,7,140,69,?,Z,X
Net4_25_18_count_69.cnf-x8_wcnf_xor_blasted,126,8,140,69,?,Z,X
Net4_25_18_count_69.cnf-x9_wcnf_xor_blasted,126,9,140,69,?,Z,X
Net4_57_26_count_69.cnf-x0_wcnf_xor_blasted,126,0,140,69,SAT,0.00,0.00
Net4_57_26_count_69.cnf-x10_wcnf_xor_blasted,126,10,140,69,SAT,3.87,0.64
Net4_57_26_count_69.cnf-x11_wcnf_xor_blasted,126,11,140,69,SAT,78.84,8.06
Net4_57_26_count_69.cnf-x12_wcnf_xor_blasted,126,12,140,69,SAT,159.71,24.37
Net4_57_26_count_69.cnf-x13_wcnf_xor_blasted,126,13,140,69,SAT,79.00,9.80
Net4_57_26_count_69.cnf-x14_wcnf_xor_blasted,126,14,140,69,SAT,363.55,15.99
Net4_57_26_count_69.cnf-x15_wcnf_xor_blasted,126,15,140,69,SAT,172.39,9.33
Net4_57_26_count_69.cnf-x16_wcnf_xor_blasted,126,16,140,69,SAT,247.33,22.16
Net4_57_26_count_69.cnf-x17_wcnf_xor_blasted,126,17,140,69,SAT,763.57,258.34
Net4_57_26_count_69.cnf-x18_wcnf_xor_blasted,126,18,140,69,SAT,1447.95,268.09
Net4_57_26_count_69.cnf-x19_wcnf_xor_blasted,126,19,140,69,SAT,2612.59,323.79
Net4_57_26_count_69.cnf-x1_wcnf_xor_blasted,126,1,140,69,SAT,0.05,0.05
Net4_57_26_count_69.cnf-x20_wcnf_xor_blasted,126,20,140,69,SAT,4637.77,3500.44
Net4_57_26_count_69.cnf-x21_wcnf_xor_blasted,126,21,140,69,SAT,Z,323.77
Net4_57_26_count_69.cnf-x22_wcnf_xor_blasted,126,22,140,69,SAT,Z,233.67
Net4_57_26_count_69.cnf-x23_wcnf_xor_blasted,126,23,140,69,SAT,Z,3746.27
Net4_57_26_count_69.cnf-x24_wcnf_xor_blasted,126,24,140,69,SAT,Z,2912.91
Net4_57_26_count_69.cnf-x25_wcnf_xor_blasted,126,25,140,69,SAT,Z,2388.32
Net4_57_26_count_69.cnf-x26_wcnf_xor_blasted,126,26,140,69,?,Z,X
Net4_57_26_count_69.cnf-x27_wcnf_xor_blasted,126,27,140,69,?,Z,X
Net4_57_26_count_69.cnf-x28_wcnf_xor_blasted,126,28,140,69,?,Z,X
Net4_57_26_count_69.cnf-x29_wcnf_xor_blasted,126,29,140,69,?,Z,X
Net4_57_26_count_69.cnf-x2_wcnf_xor_blasted,126,2,140,69,SAT,0.06,0.06
Net4_57_26_count_69.cnf-x30_wcnf_xor_blasted,126,30,140,69,?,Z,X
Net4_57_26_count_69.cnf-x31_wcnf_xor_blasted,126,31,140,69,?,Z,X
Net4_57_26_count_69.cnf-x32_wcnf_xor_blasted,126,32,140,69,?,Z,X
Net4_57_26_count_69.cnf-x33_wcnf_xor_blasted,126,33,140,69,?,Z,X
Net4_57_26_count_69.cnf-x34_wcnf_xor_blasted,126,34,140,69,?,Z,X
Net4_57_26_count_69.cnf-x35_wcnf_xor_blasted,126,35,140,69,?,Z,X
Net4_57_26_count_69.cnf-x36_wcnf_xor_blasted,126,36,140,69,?,Z,X
Net4_57_26_count_69.cnf-x37_wcnf_xor_blasted,126,37,140,69,?,Z,X
Net4_57_26_count_69.cnf-x38_wcnf_xor_blasted,126,38,140,69,?,Z,X
Net4_57_26_count_69.cnf-x39_wcnf_xor_blasted,126,39,140,69,?,Z,X
Net4_57_26_count_69.cnf-x3_wcnf_xor_blasted,126,3,140,69,SAT,0.08,0.07
Net4_57_26_count_69.cnf-x40_wcnf_xor_blasted,126,40,140,69,?,Z,X
Net4_57_26_count_69.cnf-x41_wcnf_xor_blasted,126,41,140,69,?,Z,X
Net4_57_26_count_69.cnf-x42_wcnf_xor_blasted,126,42,140,69,?,Z,X
Net4_57_26_count_69.cnf-x43_wcnf_xor_blasted,126,43,140,69,?,Z,X
Net4_57_26_count_69.cnf-x44_wcnf_xor_blasted,126,44,140,69,?,Z,X
Net4_57_26_count_69.cnf-x45_wcnf_xor_blasted,126,45,140,69,?,Z,X
Net4_57_26_count_69.cnf-x46_wcnf_xor_blasted,126,46,140,69,?,Z,X
Net4_57_26_count_69.cnf-x47_wcnf_xor_blasted,126,47,140,69,?,Z,X
Net4_57_26_count_69.cnf-x48_wcnf_xor_blasted,126,48,140,69,?,Z,X
Net4_57_26_count_69.cnf-x49_wcnf_xor_blasted,126,49,140,69,?,Z,X
Net4_57_26_count_69.cnf-x4_wcnf_xor_blasted,126,4,140,69,SAT,0.15,0.15
Net4_57_26_count_69.cnf-x50_wcnf_xor_blasted,126,50,140,69,?,Z,X
Net4_57_26_count_69.cnf-x51_wcnf_xor_blasted,126,51,140,69,?,Z,X
Net4_57_26_count_69.cnf-x52_wcnf_xor_blasted,126,52,140,69,?,Z,X
Net4_57_26_count_69.cnf-x53_wcnf_xor_blasted,126,53,140,69,?,Z,X
Net4_57_26_count_69.cnf-x54_wcnf_xor_blasted,126,54,140,69,?,Z,X
Net4_57_26_count_69.cnf-x55_wcnf_xor_blasted,126,55,140,69,?,Z,X
Net4_57_26_count_69.cnf-x56_wcnf_xor_blasted,126,56,140,69,?,Z,X
Net4_57_26_count_69.cnf-x57_wcnf_xor_blasted,126,57,140,69,?,Z,X
Net4_57_26_count_69.cnf-x58_wcnf_xor_blasted,126,58,140,69,?,Z,X
Net4_57_26_count_69.cnf-x59_wcnf_xor_blasted,126,59,140,69,?,Z,X
Net4_57_26_count_69.cnf-x5_wcnf_xor_blasted,126,5,140,69,SAT,0.17,0.18
Net4_57_26_count_69.cnf-x60_wcnf_xor_blasted,126,60,140,69,?,Z,X
Net4_57_26_count_69.cnf-x6_wcnf_xor_blasted,126,6,140,69,SAT,0.15,0.14
Net4_57_26_count_69.cnf-x7_wcnf_xor_blasted,126,7,140,69,SAT,4.06,2.13
Net4_57_26_count_69.cnf-x8_wcnf_xor_blasted,126,8,140,69,SAT,4.69,0.95
Net4_57_26_count_69.cnf-x9_wcnf_xor_blasted,126,9,140,69,SAT,2.72,0.65
Net6_50_15_count_91.cnf-x0_wcnf_xor_blasted,153,0,184,91,?,Z,X
Net6_50_15_count_91.cnf-x10_wcnf_xor_blasted,153,10,184,91,?,Z,X
Net6_50_15_count_91.cnf-x11_wcnf_xor_blasted,153,11,184,91,?,Z,X
Net6_50_15_count_91.cnf-x12_wcnf_xor_blasted,153,12,184,91,?,Z,X
Net6_50_15_count_91.cnf-x13_wcnf_xor_blasted,153,13,184,91,?,Z,X
Net6_50_15_count_91.cnf-x14_wcnf_xor_blasted,153,14,184,91,?,Z,X
Net6_50_15_count_91.cnf-x15_wcnf_xor_blasted,153,15,184,91,?,Z,X
Net6_50_15_count_91.cnf-x16_wcnf_xor_blasted,153,16,184,91,?,Z,X
Net6_50_15_count_91.cnf-x17_wcnf_xor_blasted,153,17,184,91,?,Z,X
Net6_50_15_count_91.cnf-x18_wcnf_xor_blasted,153,18,184,91,?,Z,X
Net6_50_15_count_91.cnf-x19_wcnf_xor_blasted,153,19,184,91,?,Z,X
Net6_50_15_count_91.cnf-x1_wcnf_xor_blasted,153,1,184,91,?,Z,X
Net6_50_15_count_91.cnf-x20_wcnf_xor_blasted,153,20,184,91,?,Z,X
Net6_50_15_count_91.cnf-x21_wcnf_xor_blasted,153,21,184,91,?,Z,X
Net6_50_15_count_91.cnf-x22_wcnf_xor_blasted,153,22,184,91,?,Z,X
Net6_50_15_count_91.cnf-x23_wcnf_xor_blasted,153,23,184,91,?,Z,X
Net6_50_15_count_91.cnf-x24_wcnf_xor_blasted,153,24,184,91,?,Z,X
Net6_50_15_count_91.cnf-x25_wcnf_xor_blasted,153,25,184,91,?,Z,X
Net6_50_15_count_91.cnf-x26_wcnf_xor_blasted,153,26,184,91,?,Z,X
Net6_50_15_count_91.cnf-x27_wcnf_xor_blasted,153,27,184,91,?,Z,X
Net6_50_15_count_91.cnf-x28_wcnf_xor_blasted,153,28,184,91,?,Z,X
Net6_50_15_count_91.cnf-x29_wcnf_xor_blasted,153,29,184,91,?,Z,X
Net6_50_15_count_91.cnf-x2_wcnf_xor_blasted,153,2,184,91,?,Z,X
Net6_50_15_count_91.cnf-x30_wcnf_xor_blasted,153,30,184,91,?,Z,X
Net6_50_15_count_91.cnf-x31_wcnf_xor_blasted,153,31,184,91,?,Z,X
Net6_50_15_count_91.cnf-x32_wcnf_xor_blasted,153,32,184,91,?,Z,X
Net6_50_15_count_91.cnf-x33_wcnf_xor_blasted,153,33,184,91,?,Z,X
Net6_50_15_count_91.cnf-x34_wcnf_xor_blasted,153,34,184,91,?,Z,X
Net6_50_15_count_91.cnf-x35_wcnf_xor_blasted,153,35,184,91,?,Z,X
Net6_50_15_count_91.cnf-x36_wcnf_xor_blasted,153,36,184,91,?,Z,X
Net6_50_15_count_91.cnf-x37_wcnf_xor_blasted,153,37,184,91,?,Z,X
Net6_50_15_count_91.cnf-x38_wcnf_xor_blasted,153,38,184,91,?,Z,X
Net6_50_15_count_91.cnf-x39_wcnf_xor_blasted,153,39,184,91,?,Z,X
Net6_50_15_count_91.cnf-x3_wcnf_xor_blasted,153,3,184,91,?,Z,X
Net6_50_15_count_91.cnf-x40_wcnf_xor_blasted,153,40,184,91,?,Z,X
Net6_50_15_count_91.cnf-x41_wcnf_xor_blasted,153,41,184,91,?,Z,X
Net6_50_15_count_91.cnf-x42_wcnf_xor_blasted,153,42,184,91,?,Z,X
Net6_50_15_count_91.cnf-x43_wcnf_xor_blasted,153,43,184,91,?,Z,X
Net6_50_15_count_91.cnf-x44_wcnf_xor_blasted,153,44,184,91,?,Z,X
Net6_50_15_count_91.cnf-x45_wcnf_xor_blasted,153,45,184,91,?,Z,X
Net6_50_15_count_91.cnf-x46_wcnf_xor_blasted,153,46,184,91,?,Z,X
Net6_50_15_count_91.cnf-x47_wcnf_xor_blasted,153,47,184,91,?,Z,X
Net6_50_15_count_91.cnf-x48_wcnf_xor_blasted,153,48,184,91,?,Z,X
Net6_50_15_count_91.cnf-x49_wcnf_xor_blasted,153,49,184,91,?,Z,X
Net6_50_15_count_91.cnf-x4_wcnf_xor_blasted,153,4,184,91,?,Z,X
Net6_50_15_count_91.cnf-x50_wcnf_xor_blasted,153,50,184,91,?,Z,X
Net6_50_15_count_91.cnf-x51_wcnf_xor_blasted,153,51,184,91,?,Z,X
Net6_50_15_count_91.cnf-x52_wcnf_xor_blasted,153,52,184,91,?,Z,X
Net6_50_15_count_91.cnf-x53_wcnf_xor_blasted,153,53,184,91,?,Z,X
Net6_50_15_count_91.cnf-x54_wcnf_xor_blasted,153,54,184,91,?,Z,X
Net6_50_15_count_91.cnf-x55_wcnf_xor_blasted,153,55,184,91,?,Z,X
Net6_50_15_count_91.cnf-x56_wcnf_xor_blasted,153,56,184,91,?,Z,X
Net6_50_15_count_91.cnf-x57_wcnf_xor_blasted,153,57,184,91,?,Z,X
Net6_50_15_count_91.cnf-x58_wcnf_xor_blasted,153,58,184,91,?,Z,X
Net6_50_15_count_91.cnf-x59_wcnf_xor_blasted,153,59,184,91,?,Z,X
Net6_50_15_count_91.cnf-x5_wcnf_xor_blasted,153,5,184,91,?,Z,X
Net6_50_15_count_91.cnf-x60_wcnf_xor_blasted,153,60,184,91,?,Z,X
Net6_50_15_count_91.cnf-x6_wcnf_xor_blasted,153,6,184,91,?,Z,X
Net6_50_15_count_91.cnf-x7_wcnf_xor_blasted,153,7,184,91,?,Z,X
Net6_50_15_count_91.cnf-x8_wcnf_xor_blasted,153,8,184,91,?,Z,X
Net6_50_15_count_91.cnf-x9_wcnf_xor_blasted,153,9,184,91,?,Z,X
Net8_36_16_count_96.cnf-x0_wcnf_xor_blasted,162,0,194,96,SAT,0.00,0.00
Net8_36_16_count_96.cnf-x10_wcnf_xor_blasted,162,10,194,96,SAT,62.33,13.22
Net8_36_16_count_96.cnf-x11_wcnf_xor_blasted,162,11,194,96,SAT,303.09,61.49
Net8_36_16_count_96.cnf-x12_wcnf_xor_blasted,162,12,194,96,SAT,311.79,43.85
Net8_36_16_count_96.cnf-x13_wcnf_xor_blasted,162,13,194,96,SAT,131.24,11.81
Net8_36_16_count_96.cnf-x14_wcnf_xor_blasted,162,14,194,96,SAT,451.12,25.67
Net8_36_16_count_96.cnf-x15_wcnf_xor_blasted,162,15,194,96,SAT,317.55,29.30
Net8_36_16_count_96.cnf-x16_wcnf_xor_blasted,162,16,194,96,SAT,82.91,123.46
Net8_36_16_count_96.cnf-x17_wcnf_xor_blasted,162,17,194,96,SAT,1498.51,89.77
Net8_36_16_count_96.cnf-x18_wcnf_xor_blasted,162,18,194,96,SAT,Z,280.45
Net8_36_16_count_96.cnf-x19_wcnf_xor_blasted,162,19,194,96,SAT,Z,203.68
Net8_36_16_count_96.cnf-x1_wcnf_xor_blasted,162,1,194,96,SAT,0.01,0.01
Net8_36_16_count_96.cnf-x20_wcnf_xor_blasted,162,20,194,96,SAT,Z,158.74
Net8_36_16_count_96.cnf-x21_wcnf_xor_blasted,162,21,194,96,SAT,Z,475.07
Net8_36_16_count_96.cnf-x22_wcnf_xor_blasted,162,22,194,96,SAT,Z,225.56
Net8_36_16_count_96.cnf-x23_wcnf_xor_blasted,162,23,194,96,SAT,Z,2261.03
Net8_36_16_count_96.cnf-x24_wcnf_xor_blasted,162,24,194,96,SAT,Z,3479.94
Net8_36_16_count_96.cnf-x25_wcnf_xor_blasted,162,25,194,96,SAT,Z,3150.84
Net8_36_16_count_96.cnf-x26_wcnf_xor_blasted,162,26,194,96,?,Z,X
Net8_36_16_count_96.cnf-x27_wcnf_xor_blasted,162,27,194,96,?,Z,X
Net8_36_16_count_96.cnf-x28_wcnf_xor_blasted,162,28,194,96,?,Z,X
Net8_36_16_count_96.cnf-x29_wcnf_xor_blasted,162,29,194,96,?,Z,X
Net8_36_16_count_96.cnf-x2_wcnf_xor_blasted,162,2,194,96,SAT,0.08,0.09
Net8_36_16_count_96.cnf-x30_wcnf_xor_blasted,162,30,194,96,?,Z,X
Net8_36_16_count_96.cnf-x31_wcnf_xor_blasted,162,31,194,96,?,Z,X
Net8_36_16_count_96.cnf-x32_wcnf_xor_blasted,162,32,194,96,?,Z,X
Net8_36_16_count_96.cnf-x33_wcnf_xor_blasted,162,33,194,96,?,Z,X
Net8_36_16_count_96.cnf-x34_wcnf_xor_blasted,162,34,194,96,?,Z,X
Net8_36_16_count_96.cnf-x35_wcnf_xor_blasted,162,35,194,96,?,Z,X
Net8_36_16_count_96.cnf-x36_wcnf_xor_blasted,162,36,194,96,?,Z,X
Net8_36_16_count_96.cnf-x37_wcnf_xor_blasted,162,37,194,96,?,Z,X
Net8_36_16_count_96.cnf-x38_wcnf_xor_blasted,162,38,194,96,?,Z,X
Net8_36_16_count_96.cnf-x39_wcnf_xor_blasted,162,39,194,96,?,Z,X
Net8_36_16_count_96.cnf-x3_wcnf_xor_blasted,162,3,194,96,SAT,0.20,0.19
Net8_36_16_count_96.cnf-x40_wcnf_xor_blasted,162,40,194,96,?,Z,X
Net8_36_16_count_96.cnf-x41_wcnf_xor_blasted,162,41,194,96,?,Z,X
Net8_36_16_count_96.cnf-x42_wcnf_xor_blasted,162,42,194,96,?,Z,X
Net8_36_16_count_96.cnf-x43_wcnf_xor_blasted,162,43,194,96,?,Z,X
Net8_36_16_count_96.cnf-x44_wcnf_xor_blasted,162,44,194,96,?,Z,X
Net8_36_16_count_96.cnf-x45_wcnf_xor_blasted,162,45,194,96,?,Z,X
Net8_36_16_count_96.cnf-x46_wcnf_xor_blasted,162,46,194,96,?,Z,X
Net8_36_16_count_96.cnf-x47_wcnf_xor_blasted,162,47,194,96,?,Z,X
Net8_36_16_count_96.cnf-x48_wcnf_xor_blasted,162,48,194,96,?,Z,X
Net8_36_16_count_96.cnf-x49_wcnf_xor_blasted,162,49,194,96,?,Z,X
Net8_36_16_count_96.cnf-x4_wcnf_xor_blasted,162,4,194,96,SAT,0.27,0.27
Net8_36_16_count_96.cnf-x50_wcnf_xor_blasted,162,50,194,96,?,Z,X
Net8_36_16_count_96.cnf-x51_wcnf_xor_blasted,162,51,194,96,?,Z,X
Net8_36_16_count_96.cnf-x52_wcnf_xor_blasted,162,52,194,96,?,Z,X
Net8_36_16_count_96.cnf-x53_wcnf_xor_blasted,162,53,194,96,?,Z,X
Net8_36_16_count_96.cnf-x54_wcnf_xor_blasted,162,54,194,96,?,Z,X
Net8_36_16_count_96.cnf-x55_wcnf_xor_blasted,162,55,194,96,?,Z,X
Net8_36_16_count_96.cnf-x56_wcnf_xor_blasted,162,56,194,96,?,Z,X
Net8_36_16_count_96.cnf-x57_wcnf_xor_blasted,162,57,194,96,?,Z,X
Net8_36_16_count_96.cnf-x58_wcnf_xor_blasted,162,58,194,96,?,Z,X
Net8_36_16_count_96.cnf-x59_wcnf_xor_blasted,162,59,194,96,?,Z,X
Net8_36_16_count_96.cnf-x5_wcnf_xor_blasted,162,5,194,96,SAT,0.32,0.55
Net8_36_16_count_96.cnf-x60_wcnf_xor_blasted,162,60,194,96,?,Z,X
Net8_36_16_count_96.cnf-x6_wcnf_xor_blasted,162,6,194,96,SAT,0.51,0.56
Net8_36_16_count_96.cnf-x7_wcnf_xor_blasted,162,7,194,96,SAT,8.76,1.43
Net8_36_16_count_96.cnf-x8_wcnf_xor_blasted,162,8,194,96,SAT,28.90,2.18
Net8_36_16_count_96.cnf-x9_wcnf_xor_blasted,162,9,194,96,SAT,38.85,5.94
Net8_59_44_count_96.cnf-x0_wcnf_xor_blasted,162,0,194,96,SAT,0.00,0.00
Net8_59_44_count_96.cnf-x10_wcnf_xor_blasted,162,10,194,96,SAT,16.00,1.05
Net8_59_44_count_96.cnf-x11_wcnf_xor_blasted,162,11,194,96,SAT,68.59,1.84
Net8_59_44_count_96.cnf-x12_wcnf_xor_blasted,162,12,194,96,SAT,57.27,2.78
Net8_59_44_count_96.cnf-x13_wcnf_xor_blasted,162,13,194,96,SAT,23.61,192.07
Net8_59_44_count_96.cnf-x14_wcnf_xor_blasted,162,14,194,96,SAT,123.69,174.02
Net8_59_44_count_96.cnf-x15_wcnf_xor_blasted,162,15,194,96,SAT,246.08,91.05
Net8_59_44_count_96.cnf-x16_wcnf_xor_blasted,162,16,194,96,SAT,81.01,2.48
Net8_59_44_count_96.cnf-x17_wcnf_xor_blasted,162,17,194,96,SAT,62.83,3.88
Net8_59_44_count_96.cnf-x18_wcnf_xor_blasted,162,18,194,96,SAT,1057.70,224.45
Net8_59_44_count_96.cnf-x19_wcnf_xor_blasted,162,19,194,96,SAT,Z,322.20
Net8_59_44_count_96.cnf-x1_wcnf_xor_blasted,162,1,194,96,SAT,0.01,0.01
Net8_59_44_count_96.cnf-x20_wcnf_xor_blasted,162,20,194,96,SAT,Z,183.20
Net8_59_44_count_96.cnf-x21_wcnf_xor_blasted,162,21,194,96,SAT,Z,81.76
Net8_59_44_count_96.cnf-x22_wcnf_xor_blasted,162,22,194,96,SAT,Z,318.59
Net8_59_44_count_96.cnf-x23_wcnf_xor_blasted,162,23,194,96,SAT,Z,317.30
Net8_59_44_count_96.cnf-x24_wcnf_xor_blasted,162,24,194,96,SAT,Z,3413.75
Net8_59_44_count_96.cnf-x25_wcnf_xor_blasted,162,25,194,96,SAT,Z,3126.33
Net8_59_44_count_96.cnf-x26_wcnf_xor_blasted,162,26,194,96,SAT,Z,3375.26
Net8_59_44_count_96.cnf-x27_wcnf_xor_blasted,162,27,194,96,?,Z,X
Net8_59_44_count_96.cnf-x28_wcnf_xor_blasted,162,28,194,96,?,Z,X
Net8_59_44_count_96.cnf-x29_wcnf_xor_blasted,162,29,194,96,?,Z,X
Net8_59_44_count_96.cnf-x2_wcnf_xor_blasted,162,2,194,96,SAT,0.01,0.02
Net8_59_44_count_96.cnf-x30_wcnf_xor_blasted,162,30,194,96,?,Z,X
Net8_59_44_count_96.cnf-x31_wcnf_xor_blasted,162,31,194,96,?,Z,X
Net8_59_44_count_96.cnf-x32_wcnf_xor_blasted,162,32,194,96,?,Z,X
Net8_59_44_count_96.cnf-x33_wcnf_xor_blasted,162,33,194,96,?,Z,X
Net8_59_44_count_96.cnf-x34_wcnf_xor_blasted,162,34,194,96,?,Z,X
Net8_59_44_count_96.cnf-x35_wcnf_xor_blasted,162,35,194,96,?,Z,X
Net8_59_44_count_96.cnf-x36_wcnf_xor_blasted,162,36,194,96,?,Z,X
Net8_59_44_count_96.cnf-x37_wcnf_xor_blasted,162,37,194,96,?,Z,X
Net8_59_44_count_96.cnf-x38_wcnf_xor_blasted,162,38,194,96,?,Z,X
Net8_59_44_count_96.cnf-x39_wcnf_xor_blasted,162,39,194,96,?,Z,X
Net8_59_44_count_96.cnf-x3_wcnf_xor_blasted,162,3,194,96,SAT,0.01,0.01
Net8_59_44_count_96.cnf-x40_wcnf_xor_blasted,162,40,194,96,?,Z,X
Net8_59_44_count_96.cnf-x41_wcnf_xor_blasted,162,41,194,96,?,Z,X
Net8_59_44_count_96.cnf-x42_wcnf_xor_blasted,162,42,194,96,?,Z,X
Net8_59_44_count_96.cnf-x43_wcnf_xor_blasted,162,43,194,96,?,Z,X
Net8_59_44_count_96.cnf-x44_wcnf_xor_blasted,162,44,194,96,?,Z,X
Net8_59_44_count_96.cnf-x45_wcnf_xor_blasted,162,45,194,96,?,Z,X
Net8_59_44_count_96.cnf-x46_wcnf_xor_blasted,162,46,194,96,?,Z,X
Net8_59_44_count_96.cnf-x47_wcnf_xor_blasted,162,47,194,96,?,Z,X
Net8_59_44_count_96.cnf-x48_wcnf_xor_blasted,162,48,194,96,?,Z,X
Net8_59_44_count_96.cnf-x49_wcnf_xor_blasted,162,49,194,96,?,Z,X
Net8_59_44_count_96.cnf-x4_wcnf_xor_blasted,162,4,194,96,SAT,0.01,0.02
Net8_59_44_count_96.cnf-x50_wcnf_xor_blasted,162,50,194,96,?,Z,X
Net8_59_44_count_96.cnf-x51_wcnf_xor_blasted,162,51,194,96,?,Z,X
Net8_59_44_count_96.cnf-x52_wcnf_xor_blasted,162,52,194,96,?,Z,X
Net8_59_44_count_96.cnf-x53_wcnf_xor_blasted,162,53,194,96,?,Z,X
Net8_59_44_count_96.cnf-x54_wcnf_xor_blasted,162,54,194,96,?,Z,X
Net8_59_44_count_96.cnf-x55_wcnf_xor_blasted,162,55,194,96,?,Z,X
Net8_59_44_count_96.cnf-x56_wcnf_xor_blasted,162,56,194,96,?,Z,X
Net8_59_44_count_96.cnf-x57_wcnf_xor_blasted,162,57,194,96,?,Z,X
Net8_59_44_count_96.cnf-x58_wcnf_xor_blasted,162,58,194,96,?,Z,X
Net8_59_44_count_96.cnf-x59_wcnf_xor_blasted,162,59,194,96,?,Z,X
Net8_59_44_count_96.cnf-x5_wcnf_xor_blasted,162,5,194,96,SAT,0.01,0.02
Net8_59_44_count_96.cnf-x60_wcnf_xor_blasted,162,60,194,96,?,Z,X
Net8_59_44_count_96.cnf-x6_wcnf_xor_blasted,162,6,194,96,SAT,1.02,1.12
Net8_59_44_count_96.cnf-x7_wcnf_xor_blasted,162,7,194,96,SAT,1.10,0.86
Net8_59_44_count_96.cnf-x8_wcnf_xor_blasted,162,8,194,96,SAT,11.45,0.76
Net8_59_44_count_96.cnf-x9_wcnf_xor_blasted,162,9,194,96,SAT,32.18,1.74
